/*
 Navicat MySQL Data Transfer

 Source Server         : localhost
 Source Server Type    : MySQL
 Source Server Version : 50728
 Source Host           : localhost:3306
 Source Schema         : fil_gold_demo

 Target Server Type    : MySQL
 Target Server Version : 50728
 File Encoding         : 65001

 Date: 11/05/2021 16:14:59
*/

SET NAMES utf8mb4;
SET FOREIGN_KEY_CHECKS = 0;

-- ----------------------------
-- Table structure for fil_dynamic_config
-- ----------------------------
DROP TABLE IF EXISTS `fil_dynamic_config`;
CREATE TABLE `fil_dynamic_config`  (
  `id` bigint(20) NOT NULL AUTO_INCREMENT COMMENT 'ID',
  `config_name` varchar(30) CHARACTER SET utf8mb4 COLLATE utf8mb4_general_ci NULL DEFAULT NULL COMMENT '配置名称',
  `people_num` int(11) NULL DEFAULT NULL COMMENT '人数',
  `era_num` int(11) NULL DEFAULT NULL COMMENT '几代',
  `take_rate` decimal(10, 2) NULL DEFAULT NULL COMMENT '百分比',
  `status` tinyint(1) NULL DEFAULT NULL COMMENT '状态0-正常，1-禁用',
  `create_time` timestamp NULL DEFAULT CURRENT_TIMESTAMP COMMENT '创建时间',
  `update_time` timestamp NULL DEFAULT CURRENT_TIMESTAMP ON UPDATE CURRENT_TIMESTAMP COMMENT '修改时间',
  PRIMARY KEY (`id`) USING BTREE
) ENGINE = InnoDB AUTO_INCREMENT = 11 CHARACTER SET = utf8mb4 COLLATE = utf8mb4_general_ci COMMENT = '动态比例配置' ROW_FORMAT = Dynamic;

-- ----------------------------
-- Records of fil_dynamic_config
-- ----------------------------
INSERT INTO `fil_dynamic_config` VALUES (1, '直推1个', 1, 1, 20.00, 0, '2021-04-30 11:26:31', '2021-04-30 11:53:27');
INSERT INTO `fil_dynamic_config` VALUES (2, '直推2个', 2, 2, 10.00, 0, '2021-04-30 11:26:49', '2021-04-30 11:53:17');

-- ----------------------------
-- Table structure for fil_invest_config
-- ----------------------------
DROP TABLE IF EXISTS `fil_invest_config`;
CREATE TABLE `fil_invest_config`  (
  `id` bigint(20) NOT NULL AUTO_INCREMENT COMMENT ' ID',
  `config_name` varchar(30) CHARACTER SET utf8mb4 COLLATE utf8mb4_general_ci NULL DEFAULT NULL COMMENT '配置名称',
  `invest_min` int(10) NULL DEFAULT 0 COMMENT '直推最小值',
  `invest_max` int(10) NULL DEFAULT 0 COMMENT '直推最大值',
  `cash_rate` decimal(10, 2) NULL DEFAULT NULL COMMENT '提现比例',
  `invest_rate` decimal(10, 2) NULL DEFAULT NULL COMMENT '复投比例',
  `status` tinyint(1) NULL DEFAULT 0 COMMENT '状态0-正常 1-禁用',
  `create_time` timestamp NULL DEFAULT CURRENT_TIMESTAMP COMMENT '创建时间',
  `update_time` timestamp NULL DEFAULT CURRENT_TIMESTAMP ON UPDATE CURRENT_TIMESTAMP COMMENT '更新时间',
  PRIMARY KEY (`id`) USING BTREE
) ENGINE = InnoDB AUTO_INCREMENT = 6 CHARACTER SET = utf8mb4 COLLATE = utf8mb4_general_ci COMMENT = '复投配置' ROW_FORMAT = Dynamic;

-- ----------------------------
-- Records of fil_invest_config
-- ----------------------------
INSERT INTO `fil_invest_config` VALUES (1, '直推0个', 0, 0, 30.00, 70.00, 0, '2021-04-30 11:51:58', NULL);

-- ----------------------------
-- Table structure for fil_invest_log
-- ----------------------------
DROP TABLE IF EXISTS `fil_invest_log`;
CREATE TABLE `fil_invest_log`  (
  `id` bigint(20) NOT NULL AUTO_INCREMENT COMMENT '投入记录ID',
  `user_id` bigint(20) NOT NULL COMMENT '用户id',
  `user_code` varchar(50) CHARACTER SET utf8mb4 COLLATE utf8mb4_general_ci NULL DEFAULT NULL COMMENT '用户Code',
  `invest_amount` decimal(32, 18) NULL DEFAULT NULL COMMENT '投入金额',
  `charge_amout` decimal(32, 18) NULL DEFAULT NULL COMMENT '手续费',
  `transaction_hash` varchar(100) CHARACTER SET utf8mb4 COLLATE utf8mb4_general_ci NULL DEFAULT NULL COMMENT '交易hash块',
  `create_time` timestamp NULL DEFAULT CURRENT_TIMESTAMP ON UPDATE CURRENT_TIMESTAMP COMMENT '创建时间',
  PRIMARY KEY (`id`) USING BTREE
) ENGINE = InnoDB AUTO_INCREMENT = 1 CHARACTER SET = utf8mb4 COLLATE = utf8mb4_general_ci COMMENT = '投入记录' ROW_FORMAT = Dynamic;

-- ----------------------------
-- Records of fil_invest_log
-- ----------------------------

-- ----------------------------
-- Table structure for fil_node
-- ----------------------------
DROP TABLE IF EXISTS `fil_node`;
CREATE TABLE `fil_node`  (
  `id` bigint(20) NOT NULL AUTO_INCREMENT COMMENT ' ID节点类型',
  `node_name` varchar(30) CHARACTER SET utf8mb4 COLLATE utf8mb4_general_ci NULL DEFAULT NULL COMMENT '节点名称',
  `node_type` tinyint(1) NULL DEFAULT NULL COMMENT '节点类型1-节点 2-小节点',
  `amount` decimal(10, 4) NULL DEFAULT NULL COMMENT '节点金额',
  `quota` int(4) NULL DEFAULT NULL COMMENT '名额',
  `occupy_quota` int(4) NULL DEFAULT 0 COMMENT '已占用配额',
  `status` tinyint(1) NULL DEFAULT NULL COMMENT '状态0-正常 1-禁用',
  `create_time` timestamp NULL DEFAULT CURRENT_TIMESTAMP COMMENT '创建时间',
  `update_time` timestamp NULL DEFAULT CURRENT_TIMESTAMP ON UPDATE CURRENT_TIMESTAMP COMMENT '更新时间',
  PRIMARY KEY (`id`) USING BTREE
) ENGINE = InnoDB AUTO_INCREMENT = 3 CHARACTER SET = utf8mb4 COLLATE = utf8mb4_general_ci COMMENT = '节点管理' ROW_FORMAT = Dynamic;

-- ----------------------------
-- Records of fil_node
-- ----------------------------
INSERT INTO `fil_node` VALUES (1, '大节点5', 1, 5.0000, 26, 0, 0, '2021-04-30 11:25:27', '2021-04-30 16:00:20');
INSERT INTO `fil_node` VALUES (2, '小节点3', 2, 3.0000, 42, 0, 0, '2021-04-30 11:31:58', '2021-04-30 16:00:27');

-- ----------------------------
-- Table structure for fil_node_apply
-- ----------------------------
DROP TABLE IF EXISTS `fil_node_apply`;
CREATE TABLE `fil_node_apply`  (
  `id` bigint(20) NOT NULL AUTO_INCREMENT COMMENT '节点申购记录',
  `user_id` bigint(20) NULL DEFAULT NULL COMMENT '用户ID',
  `node_id` bigint(20) NULL DEFAULT NULL COMMENT '节点ID',
  `user_code` varchar(50) CHARACTER SET utf8mb4 COLLATE utf8mb4_general_ci NULL DEFAULT NULL COMMENT '用户code',
  `transaction_hash` varchar(100) CHARACTER SET utf8mb4 COLLATE utf8mb4_general_ci NULL DEFAULT NULL COMMENT '交易hash',
  `node_type` tinyint(1) NULL DEFAULT NULL COMMENT '节点类型0-大节点 1小节点',
  `amount` decimal(10, 2) NULL DEFAULT NULL COMMENT '订单金额',
  `status` tinyint(1) NULL DEFAULT 0 COMMENT '状态',
  `create_time` timestamp NULL DEFAULT NULL ON UPDATE CURRENT_TIMESTAMP COMMENT '创建时间',
  PRIMARY KEY (`id`) USING BTREE
) ENGINE = InnoDB AUTO_INCREMENT = 1 CHARACTER SET = utf8mb4 COLLATE = utf8mb4_general_ci COMMENT = '节点申购订单' ROW_FORMAT = Dynamic;

-- ----------------------------
-- Records of fil_node_apply
-- ----------------------------

-- ----------------------------
-- Table structure for fil_platform_revenue
-- ----------------------------
DROP TABLE IF EXISTS `fil_platform_revenue`;
CREATE TABLE `fil_platform_revenue`  (
  `id` bigint(20) NOT NULL AUTO_INCREMENT COMMENT 'ID',
  `user_id` bigint(20) NULL DEFAULT NULL COMMENT '用户id',
  `invest_id` bigint(20) NULL DEFAULT NULL COMMENT '投入id',
  `amount` decimal(32, 18) NULL DEFAULT NULL COMMENT '金额',
  `address` varchar(50) CHARACTER SET utf8mb4 COLLATE utf8mb4_general_ci NULL DEFAULT NULL COMMENT '钱包地址',
  `type` tinyint(1) NULL DEFAULT 0 COMMENT '记录类型0-平台 1-沉淀资金',
  `create_time` timestamp NULL DEFAULT CURRENT_TIMESTAMP ON UPDATE CURRENT_TIMESTAMP COMMENT '创建时间',
  PRIMARY KEY (`id`) USING BTREE
) ENGINE = InnoDB AUTO_INCREMENT = 1 CHARACTER SET = utf8mb4 COLLATE = utf8mb4_general_ci COMMENT = '平台收入表' ROW_FORMAT = Dynamic;

-- ----------------------------
-- Records of fil_platform_revenue
-- ----------------------------

-- ----------------------------
-- Table structure for fil_transaction_record
-- ----------------------------
DROP TABLE IF EXISTS `fil_transaction_record`;
CREATE TABLE `fil_transaction_record`  (
  `id` bigint(20) NOT NULL AUTO_INCREMENT COMMENT 'ID',
  `obj_ids` varchar(200) CHARACTER SET utf8mb4 COLLATE utf8mb4_general_ci NULL DEFAULT NULL COMMENT '来源id',
  `user_code` varchar(50) CHARACTER SET utf8mb4 COLLATE utf8mb4_general_ci NULL DEFAULT NULL COMMENT '用户code',
  `payer_from` varchar(50) CHARACTER SET utf8mb4 COLLATE utf8mb4_general_ci NULL DEFAULT NULL COMMENT '付款方',
  `payer_to` varchar(50) CHARACTER SET utf8mb4 COLLATE utf8mb4_general_ci NULL DEFAULT NULL COMMENT '到账方',
  `transaction_hash` varchar(100) CHARACTER SET utf8mb4 COLLATE utf8mb4_general_ci NULL DEFAULT NULL COMMENT '交易hash',
  `amount` decimal(32, 18) NULL DEFAULT NULL COMMENT '交易金额',
  `amount_type` tinyint(1) NULL DEFAULT 0 COMMENT '金额状态0-入账 1-出帐',
  `record_type` tinyint(1) NULL DEFAULT NULL COMMENT '账单来源0-投入记录；1-提现；2-转账',
  `status` tinyint(1) NULL DEFAULT 0 COMMENT '状态0-待提交，1-确认中 2-成功 3-失败',
  `create_time` timestamp NULL DEFAULT CURRENT_TIMESTAMP COMMENT '创建时间',
  `update_time` timestamp NULL DEFAULT CURRENT_TIMESTAMP ON UPDATE CURRENT_TIMESTAMP COMMENT '更新时间',
  PRIMARY KEY (`id`) USING BTREE
) ENGINE = InnoDB AUTO_INCREMENT = 1 CHARACTER SET = utf8mb4 COLLATE = utf8mb4_general_ci COMMENT = '交易记录表' ROW_FORMAT = Dynamic;

-- ----------------------------
-- Records of fil_transaction_record
-- ----------------------------

-- ----------------------------
-- Table structure for fil_user
-- ----------------------------
DROP TABLE IF EXISTS `fil_user`;
CREATE TABLE `fil_user`  (
  `id` bigint(20) NOT NULL AUTO_INCREMENT COMMENT ' ID',
  `pid` bigint(20) NOT NULL COMMENT '父id',
  `root_ids` varchar(500) CHARACTER SET utf8mb4 COLLATE utf8mb4_general_ci NULL DEFAULT NULL COMMENT '父类节点id',
  `user_code` varchar(50) CHARACTER SET utf8mb4 COLLATE utf8mb4_general_ci NULL DEFAULT NULL COMMENT '用户唯一code',
  `parent_code` varchar(50) CHARACTER SET utf8mb4 COLLATE utf8mb4_general_ci NULL DEFAULT NULL COMMENT '父级code',
  `node_id` bigint(20) NULL DEFAULT 0 COMMENT '节点ID',
  `total_invest` decimal(32, 18) NULL DEFAULT 0.000000000000000000 COMMENT '总投资',
  `repeat_invest` decimal(32, 18) NULL DEFAULT 0.000000000000000000 COMMENT '复投累加',
  `past_money` decimal(32, 18) NULL DEFAULT 0.000000000000000000 COMMENT '已提现金额',
  `node_revenue` decimal(32, 18) NULL DEFAULT 0.000000000000000000 COMMENT '节点收益',
  `static_revenue` decimal(32, 18) NULL DEFAULT 0.000000000000000000 COMMENT '静态收益',
  `dynamic_revenue` decimal(32, 18) NULL DEFAULT 0.000000000000000000 COMMENT '动态收益',
  `node_type` tinyint(1) NULL DEFAULT 0 COMMENT '节点类型0-普通 1-大节点 2-小节点',
  `status` tinyint(1) NULL DEFAULT 0 COMMENT '状态0-未激活 1-已激活',
  `auth_status` tinyint(1) NULL DEFAULT 0 COMMENT '授权状态0-未授权 1-已授权',
  `create_time` timestamp NULL DEFAULT CURRENT_TIMESTAMP COMMENT '创建时间',
  `update_time` timestamp NULL DEFAULT CURRENT_TIMESTAMP ON UPDATE CURRENT_TIMESTAMP COMMENT '更新时间',
  PRIMARY KEY (`id`) USING BTREE
) ENGINE = InnoDB AUTO_INCREMENT = 1 CHARACTER SET = utf8mb4 COLLATE = utf8mb4_general_ci COMMENT = '用户表' ROW_FORMAT = Dynamic;

-- ----------------------------
-- Records of fil_user
-- ----------------------------

-- ----------------------------
-- Table structure for fil_user_level
-- ----------------------------
DROP TABLE IF EXISTS `fil_user_level`;
CREATE TABLE `fil_user_level`  (
  `user_id` bigint(20) NOT NULL COMMENT '用户 ID',
  `super_id` bigint(20) NOT NULL COMMENT '父类用户ID',
  `level` int(11) NULL DEFAULT NULL COMMENT '层级',
  PRIMARY KEY (`user_id`, `super_id`) USING BTREE
) ENGINE = InnoDB CHARACTER SET = utf8mb4 COLLATE = utf8mb4_general_ci COMMENT = '用户层级表' ROW_FORMAT = Dynamic;

-- ----------------------------
-- Records of fil_user_level
-- ----------------------------

-- ----------------------------
-- Table structure for fil_user_revenue
-- ----------------------------
DROP TABLE IF EXISTS `fil_user_revenue`;
CREATE TABLE `fil_user_revenue`  (
  `id` bigint(20) NOT NULL AUTO_INCREMENT COMMENT 'ID',
  `user_id` bigint(20) NULL DEFAULT NULL COMMENT '用户ID',
  `user_code` varchar(50) CHARACTER SET utf8mb4 COLLATE utf8mb4_general_ci NULL DEFAULT NULL COMMENT '用户code',
  `invest_id` bigint(20) NULL DEFAULT NULL COMMENT '投入ID',
  `amount` decimal(32, 18) NULL DEFAULT NULL COMMENT '收益金额',
  `type` tinyint(1) NULL DEFAULT NULL COMMENT '类型0-投资收益；1-节点收益；2-静态收益；3-动态收益',
  `create_time` timestamp NULL DEFAULT CURRENT_TIMESTAMP ON UPDATE CURRENT_TIMESTAMP COMMENT '创建时间',
  PRIMARY KEY (`id`) USING BTREE
) ENGINE = InnoDB AUTO_INCREMENT = 1 CHARACTER SET = utf8mb4 COLLATE = utf8mb4_general_ci COMMENT = '用户收益表' ROW_FORMAT = Dynamic;

-- ----------------------------
-- Records of fil_user_revenue
-- ----------------------------

-- ----------------------------
-- Table structure for fil_withdraw_record
-- ----------------------------
DROP TABLE IF EXISTS `fil_withdraw_record`;
CREATE TABLE `fil_withdraw_record`  (
  `id` bigint(20) NOT NULL AUTO_INCREMENT COMMENT ' ID',
  `user_id` bigint(20) NULL DEFAULT NULL COMMENT '用户ID',
  `user_code` varchar(50) CHARACTER SET utf8mb4 COLLATE utf8mb4_general_ci NULL DEFAULT NULL COMMENT '用户code',
  `amount` decimal(32, 18) NULL DEFAULT NULL COMMENT '需提现金额',
  `invest_amount` decimal(32, 18) NULL DEFAULT NULL COMMENT '复投金额',
  `withdrawal_amount` decimal(32, 18) NULL DEFAULT NULL COMMENT '提现金额',
  `withdrawal_hash` varchar(100) CHARACTER SET utf8mb4 COLLATE utf8mb4_general_ci NULL DEFAULT NULL COMMENT '提现hash',
  `status` tinyint(1) NULL DEFAULT NULL COMMENT '状态0-提现中，1-提现成功，2-提现失败',
  `create_time` timestamp NULL DEFAULT CURRENT_TIMESTAMP COMMENT '创建时间',
  `update_time` timestamp NULL DEFAULT CURRENT_TIMESTAMP ON UPDATE CURRENT_TIMESTAMP COMMENT '更新时间',
  PRIMARY KEY (`id`) USING BTREE
) ENGINE = InnoDB AUTO_INCREMENT = 1 CHARACTER SET = utf8mb4 COLLATE = utf8mb4_general_ci COMMENT = '提现记录' ROW_FORMAT = Dynamic;

-- ----------------------------
-- Records of fil_withdraw_record
-- ----------------------------

-- ----------------------------
-- Table structure for file_static_level
-- ----------------------------
DROP TABLE IF EXISTS `file_static_level`;
CREATE TABLE `file_static_level`  (
  `user_id` bigint(20) NOT NULL COMMENT 'ID',
  `static_user_ids` varchar(1000) CHARACTER SET utf8mb4 COLLATE utf8mb4_general_ci NULL DEFAULT NULL COMMENT '上下100层ids',
  PRIMARY KEY (`user_id`) USING BTREE
) ENGINE = InnoDB CHARACTER SET = utf8mb4 COLLATE = utf8mb4_general_ci COMMENT = '静态分配层级' ROW_FORMAT = Dynamic;

-- ----------------------------
-- Records of file_static_level
-- ----------------------------

-- ----------------------------
-- Table structure for gen_table
-- ----------------------------
DROP TABLE IF EXISTS `gen_table`;
CREATE TABLE `gen_table`  (
  `table_id` bigint(20) NOT NULL AUTO_INCREMENT COMMENT '编号',
  `table_name` varchar(200) CHARACTER SET utf8mb4 COLLATE utf8mb4_general_ci NULL DEFAULT '' COMMENT '表名称',
  `table_comment` varchar(500) CHARACTER SET utf8mb4 COLLATE utf8mb4_general_ci NULL DEFAULT '' COMMENT '表描述',
  `sub_table_name` varchar(64) CHARACTER SET utf8mb4 COLLATE utf8mb4_general_ci NULL DEFAULT NULL COMMENT '关联子表的表名',
  `sub_table_fk_name` varchar(64) CHARACTER SET utf8mb4 COLLATE utf8mb4_general_ci NULL DEFAULT NULL COMMENT '子表关联的外键名',
  `class_name` varchar(100) CHARACTER SET utf8mb4 COLLATE utf8mb4_general_ci NULL DEFAULT '' COMMENT '实体类名称',
  `tpl_category` varchar(200) CHARACTER SET utf8mb4 COLLATE utf8mb4_general_ci NULL DEFAULT 'crud' COMMENT '使用的模板（crud单表操作 tree树表操作）',
  `package_name` varchar(100) CHARACTER SET utf8mb4 COLLATE utf8mb4_general_ci NULL DEFAULT NULL COMMENT '生成包路径',
  `module_name` varchar(30) CHARACTER SET utf8mb4 COLLATE utf8mb4_general_ci NULL DEFAULT NULL COMMENT '生成模块名',
  `business_name` varchar(30) CHARACTER SET utf8mb4 COLLATE utf8mb4_general_ci NULL DEFAULT NULL COMMENT '生成业务名',
  `function_name` varchar(50) CHARACTER SET utf8mb4 COLLATE utf8mb4_general_ci NULL DEFAULT NULL COMMENT '生成功能名',
  `function_author` varchar(50) CHARACTER SET utf8mb4 COLLATE utf8mb4_general_ci NULL DEFAULT NULL COMMENT '生成功能作者',
  `gen_type` char(1) CHARACTER SET utf8mb4 COLLATE utf8mb4_general_ci NULL DEFAULT '0' COMMENT '生成代码方式（0zip压缩包 1自定义路径）',
  `gen_path` varchar(200) CHARACTER SET utf8mb4 COLLATE utf8mb4_general_ci NULL DEFAULT '/' COMMENT '生成路径（不填默认项目路径）',
  `options` varchar(1000) CHARACTER SET utf8mb4 COLLATE utf8mb4_general_ci NULL DEFAULT NULL COMMENT '其它生成选项',
  `create_by` varchar(64) CHARACTER SET utf8mb4 COLLATE utf8mb4_general_ci NULL DEFAULT '' COMMENT '创建者',
  `create_time` datetime NULL DEFAULT NULL COMMENT '创建时间',
  `update_by` varchar(64) CHARACTER SET utf8mb4 COLLATE utf8mb4_general_ci NULL DEFAULT '' COMMENT '更新者',
  `update_time` datetime NULL DEFAULT NULL COMMENT '更新时间',
  `remark` varchar(500) CHARACTER SET utf8mb4 COLLATE utf8mb4_general_ci NULL DEFAULT NULL COMMENT '备注',
  PRIMARY KEY (`table_id`) USING BTREE
) ENGINE = InnoDB AUTO_INCREMENT = 1 CHARACTER SET = utf8mb4 COLLATE = utf8mb4_general_ci COMMENT = '代码生成业务表' ROW_FORMAT = Dynamic;

-- ----------------------------
-- Records of gen_table
-- ----------------------------

-- ----------------------------
-- Table structure for gen_table_column
-- ----------------------------
DROP TABLE IF EXISTS `gen_table_column`;
CREATE TABLE `gen_table_column`  (
  `column_id` bigint(20) NOT NULL AUTO_INCREMENT COMMENT '编号',
  `table_id` varchar(64) CHARACTER SET utf8mb4 COLLATE utf8mb4_general_ci NULL DEFAULT NULL COMMENT '归属表编号',
  `column_name` varchar(200) CHARACTER SET utf8mb4 COLLATE utf8mb4_general_ci NULL DEFAULT NULL COMMENT '列名称',
  `column_comment` varchar(500) CHARACTER SET utf8mb4 COLLATE utf8mb4_general_ci NULL DEFAULT NULL COMMENT '列描述',
  `column_type` varchar(100) CHARACTER SET utf8mb4 COLLATE utf8mb4_general_ci NULL DEFAULT NULL COMMENT '列类型',
  `java_type` varchar(500) CHARACTER SET utf8mb4 COLLATE utf8mb4_general_ci NULL DEFAULT NULL COMMENT 'JAVA类型',
  `java_field` varchar(200) CHARACTER SET utf8mb4 COLLATE utf8mb4_general_ci NULL DEFAULT NULL COMMENT 'JAVA字段名',
  `is_pk` char(1) CHARACTER SET utf8mb4 COLLATE utf8mb4_general_ci NULL DEFAULT NULL COMMENT '是否主键（1是）',
  `is_increment` char(1) CHARACTER SET utf8mb4 COLLATE utf8mb4_general_ci NULL DEFAULT NULL COMMENT '是否自增（1是）',
  `is_required` char(1) CHARACTER SET utf8mb4 COLLATE utf8mb4_general_ci NULL DEFAULT NULL COMMENT '是否必填（1是）',
  `is_insert` char(1) CHARACTER SET utf8mb4 COLLATE utf8mb4_general_ci NULL DEFAULT NULL COMMENT '是否为插入字段（1是）',
  `is_edit` char(1) CHARACTER SET utf8mb4 COLLATE utf8mb4_general_ci NULL DEFAULT NULL COMMENT '是否编辑字段（1是）',
  `is_list` char(1) CHARACTER SET utf8mb4 COLLATE utf8mb4_general_ci NULL DEFAULT NULL COMMENT '是否列表字段（1是）',
  `is_query` char(1) CHARACTER SET utf8mb4 COLLATE utf8mb4_general_ci NULL DEFAULT NULL COMMENT '是否查询字段（1是）',
  `query_type` varchar(200) CHARACTER SET utf8mb4 COLLATE utf8mb4_general_ci NULL DEFAULT 'EQ' COMMENT '查询方式（等于、不等于、大于、小于、范围）',
  `html_type` varchar(200) CHARACTER SET utf8mb4 COLLATE utf8mb4_general_ci NULL DEFAULT NULL COMMENT '显示类型（文本框、文本域、下拉框、复选框、单选框、日期控件）',
  `dict_type` varchar(200) CHARACTER SET utf8mb4 COLLATE utf8mb4_general_ci NULL DEFAULT '' COMMENT '字典类型',
  `sort` int(11) NULL DEFAULT NULL COMMENT '排序',
  `create_by` varchar(64) CHARACTER SET utf8mb4 COLLATE utf8mb4_general_ci NULL DEFAULT '' COMMENT '创建者',
  `create_time` datetime NULL DEFAULT NULL COMMENT '创建时间',
  `update_by` varchar(64) CHARACTER SET utf8mb4 COLLATE utf8mb4_general_ci NULL DEFAULT '' COMMENT '更新者',
  `update_time` datetime NULL DEFAULT NULL COMMENT '更新时间',
  PRIMARY KEY (`column_id`) USING BTREE
) ENGINE = InnoDB AUTO_INCREMENT = 1 CHARACTER SET = utf8mb4 COLLATE = utf8mb4_general_ci COMMENT = '代码生成业务表字段' ROW_FORMAT = Dynamic;

-- ----------------------------
-- Records of gen_table_column
-- ----------------------------

-- ----------------------------
-- Table structure for qrtz_blob_triggers
-- ----------------------------
DROP TABLE IF EXISTS `qrtz_blob_triggers`;
CREATE TABLE `qrtz_blob_triggers`  (
  `sched_name` varchar(120) CHARACTER SET utf8mb4 COLLATE utf8mb4_general_ci NOT NULL,
  `trigger_name` varchar(200) CHARACTER SET utf8mb4 COLLATE utf8mb4_general_ci NOT NULL,
  `trigger_group` varchar(200) CHARACTER SET utf8mb4 COLLATE utf8mb4_general_ci NOT NULL,
  `blob_data` blob NULL,
  PRIMARY KEY (`sched_name`, `trigger_name`, `trigger_group`) USING BTREE,
  CONSTRAINT `qrtz_blob_triggers_ibfk_1` FOREIGN KEY (`sched_name`, `trigger_name`, `trigger_group`) REFERENCES `qrtz_triggers` (`sched_name`, `trigger_name`, `trigger_group`) ON DELETE RESTRICT ON UPDATE RESTRICT
) ENGINE = InnoDB CHARACTER SET = utf8mb4 COLLATE = utf8mb4_general_ci ROW_FORMAT = Dynamic;

-- ----------------------------
-- Records of qrtz_blob_triggers
-- ----------------------------

-- ----------------------------
-- Table structure for qrtz_calendars
-- ----------------------------
DROP TABLE IF EXISTS `qrtz_calendars`;
CREATE TABLE `qrtz_calendars`  (
  `sched_name` varchar(120) CHARACTER SET utf8mb4 COLLATE utf8mb4_general_ci NOT NULL,
  `calendar_name` varchar(200) CHARACTER SET utf8mb4 COLLATE utf8mb4_general_ci NOT NULL,
  `calendar` blob NOT NULL,
  PRIMARY KEY (`sched_name`, `calendar_name`) USING BTREE
) ENGINE = InnoDB CHARACTER SET = utf8mb4 COLLATE = utf8mb4_general_ci ROW_FORMAT = Dynamic;

-- ----------------------------
-- Records of qrtz_calendars
-- ----------------------------

-- ----------------------------
-- Table structure for qrtz_cron_triggers
-- ----------------------------
DROP TABLE IF EXISTS `qrtz_cron_triggers`;
CREATE TABLE `qrtz_cron_triggers`  (
  `sched_name` varchar(120) CHARACTER SET utf8mb4 COLLATE utf8mb4_general_ci NOT NULL,
  `trigger_name` varchar(200) CHARACTER SET utf8mb4 COLLATE utf8mb4_general_ci NOT NULL,
  `trigger_group` varchar(200) CHARACTER SET utf8mb4 COLLATE utf8mb4_general_ci NOT NULL,
  `cron_expression` varchar(200) CHARACTER SET utf8mb4 COLLATE utf8mb4_general_ci NOT NULL,
  `time_zone_id` varchar(80) CHARACTER SET utf8mb4 COLLATE utf8mb4_general_ci NULL DEFAULT NULL,
  PRIMARY KEY (`sched_name`, `trigger_name`, `trigger_group`) USING BTREE,
  CONSTRAINT `qrtz_cron_triggers_ibfk_1` FOREIGN KEY (`sched_name`, `trigger_name`, `trigger_group`) REFERENCES `qrtz_triggers` (`sched_name`, `trigger_name`, `trigger_group`) ON DELETE RESTRICT ON UPDATE RESTRICT
) ENGINE = InnoDB CHARACTER SET = utf8mb4 COLLATE = utf8mb4_general_ci ROW_FORMAT = Dynamic;

-- ----------------------------
-- Records of qrtz_cron_triggers
-- ----------------------------
INSERT INTO `qrtz_cron_triggers` VALUES ('RuoyiScheduler', 'TASK_CLASS_NAME1', 'DEFAULT', '0/10 * * * * ?', 'Asia/Shanghai');
INSERT INTO `qrtz_cron_triggers` VALUES ('RuoyiScheduler', 'TASK_CLASS_NAME2', 'DEFAULT', '0/15 * * * * ?', 'Asia/Shanghai');
INSERT INTO `qrtz_cron_triggers` VALUES ('RuoyiScheduler', 'TASK_CLASS_NAME3', 'DEFAULT', '0/20 * * * * ?', 'Asia/Shanghai');
INSERT INTO `qrtz_cron_triggers` VALUES ('WmappScheduler', 'TASK_CLASS_NAME1', 'DEFAULT', '0/10 * * * * ?', 'Asia/Shanghai');
INSERT INTO `qrtz_cron_triggers` VALUES ('WmappScheduler', 'TASK_CLASS_NAME2', 'DEFAULT', '0/15 * * * * ?', 'Asia/Shanghai');
INSERT INTO `qrtz_cron_triggers` VALUES ('WmappScheduler', 'TASK_CLASS_NAME3', 'DEFAULT', '0/20 * * * * ?', 'Asia/Shanghai');

-- ----------------------------
-- Table structure for qrtz_fired_triggers
-- ----------------------------
DROP TABLE IF EXISTS `qrtz_fired_triggers`;
CREATE TABLE `qrtz_fired_triggers`  (
  `sched_name` varchar(120) CHARACTER SET utf8mb4 COLLATE utf8mb4_general_ci NOT NULL,
  `entry_id` varchar(95) CHARACTER SET utf8mb4 COLLATE utf8mb4_general_ci NOT NULL,
  `trigger_name` varchar(200) CHARACTER SET utf8mb4 COLLATE utf8mb4_general_ci NOT NULL,
  `trigger_group` varchar(200) CHARACTER SET utf8mb4 COLLATE utf8mb4_general_ci NOT NULL,
  `instance_name` varchar(200) CHARACTER SET utf8mb4 COLLATE utf8mb4_general_ci NOT NULL,
  `fired_time` bigint(13) NOT NULL,
  `sched_time` bigint(13) NOT NULL,
  `priority` int(11) NOT NULL,
  `state` varchar(16) CHARACTER SET utf8mb4 COLLATE utf8mb4_general_ci NOT NULL,
  `job_name` varchar(200) CHARACTER SET utf8mb4 COLLATE utf8mb4_general_ci NULL DEFAULT NULL,
  `job_group` varchar(200) CHARACTER SET utf8mb4 COLLATE utf8mb4_general_ci NULL DEFAULT NULL,
  `is_nonconcurrent` varchar(1) CHARACTER SET utf8mb4 COLLATE utf8mb4_general_ci NULL DEFAULT NULL,
  `requests_recovery` varchar(1) CHARACTER SET utf8mb4 COLLATE utf8mb4_general_ci NULL DEFAULT NULL,
  PRIMARY KEY (`sched_name`, `entry_id`) USING BTREE
) ENGINE = InnoDB CHARACTER SET = utf8mb4 COLLATE = utf8mb4_general_ci ROW_FORMAT = Dynamic;

-- ----------------------------
-- Records of qrtz_fired_triggers
-- ----------------------------

-- ----------------------------
-- Table structure for qrtz_job_details
-- ----------------------------
DROP TABLE IF EXISTS `qrtz_job_details`;
CREATE TABLE `qrtz_job_details`  (
  `sched_name` varchar(120) CHARACTER SET utf8mb4 COLLATE utf8mb4_general_ci NOT NULL,
  `job_name` varchar(200) CHARACTER SET utf8mb4 COLLATE utf8mb4_general_ci NOT NULL,
  `job_group` varchar(200) CHARACTER SET utf8mb4 COLLATE utf8mb4_general_ci NOT NULL,
  `description` varchar(250) CHARACTER SET utf8mb4 COLLATE utf8mb4_general_ci NULL DEFAULT NULL,
  `job_class_name` varchar(250) CHARACTER SET utf8mb4 COLLATE utf8mb4_general_ci NOT NULL,
  `is_durable` varchar(1) CHARACTER SET utf8mb4 COLLATE utf8mb4_general_ci NOT NULL,
  `is_nonconcurrent` varchar(1) CHARACTER SET utf8mb4 COLLATE utf8mb4_general_ci NOT NULL,
  `is_update_data` varchar(1) CHARACTER SET utf8mb4 COLLATE utf8mb4_general_ci NOT NULL,
  `requests_recovery` varchar(1) CHARACTER SET utf8mb4 COLLATE utf8mb4_general_ci NOT NULL,
  `job_data` blob NULL,
  PRIMARY KEY (`sched_name`, `job_name`, `job_group`) USING BTREE
) ENGINE = InnoDB CHARACTER SET = utf8mb4 COLLATE = utf8mb4_general_ci ROW_FORMAT = Dynamic;

-- ----------------------------
-- Records of qrtz_job_details
-- ----------------------------
INSERT INTO `qrtz_job_details` VALUES ('RuoyiScheduler', 'TASK_CLASS_NAME1', 'DEFAULT', NULL, 'com.ruoyi.quartz.util.QuartzDisallowConcurrentExecution', '0', '1', '0', '0', 0xACED0005737200156F72672E71756172747A2E4A6F62446174614D61709FB083E8BFA9B0CB020000787200266F72672E71756172747A2E7574696C732E537472696E674B65794469727479466C61674D61708208E8C3FBC55D280200015A0013616C6C6F77735472616E7369656E74446174617872001D6F72672E71756172747A2E7574696C732E4469727479466C61674D617013E62EAD28760ACE0200025A000564697274794C00036D617074000F4C6A6176612F7574696C2F4D61703B787001737200116A6176612E7574696C2E486173684D61700507DAC1C31660D103000246000A6C6F6164466163746F724900097468726573686F6C6478703F4000000000000C7708000000100000000174000F5441534B5F50524F504552544945537372001E636F6D2E72756F79692E71756172747A2E646F6D61696E2E5379734A6F6200000000000000010200084C000A636F6E63757272656E747400124C6A6176612F6C616E672F537472696E673B4C000E63726F6E45787072657373696F6E71007E00094C000C696E766F6B6554617267657471007E00094C00086A6F6247726F757071007E00094C00056A6F6249647400104C6A6176612F6C616E672F4C6F6E673B4C00076A6F624E616D6571007E00094C000D6D697366697265506F6C69637971007E00094C000673746174757371007E000978720027636F6D2E72756F79692E636F6D6D6F6E2E636F72652E646F6D61696E2E42617365456E7469747900000000000000010200074C0008637265617465427971007E00094C000A63726561746554696D657400104C6A6176612F7574696C2F446174653B4C0006706172616D7371007E00034C000672656D61726B71007E00094C000B73656172636856616C756571007E00094C0008757064617465427971007E00094C000A75706461746554696D6571007E000C787074000561646D696E7372000E6A6176612E7574696C2E44617465686A81014B5974190300007870770800000179193442F078707400007070707400013174000E302F3130202A202A202A202A203F74001172795461736B2E72794E6F506172616D7374000744454641554C547372000E6A6176612E6C616E672E4C6F6E673B8BE490CC8F23DF0200014A000576616C7565787200106A6176612E6C616E672E4E756D62657286AC951D0B94E08B02000078700000000000000001740018E7B3BBE7BB9FE9BB98E8AEA4EFBC88E697A0E58F82EFBC8974000133740001317800);
INSERT INTO `qrtz_job_details` VALUES ('RuoyiScheduler', 'TASK_CLASS_NAME2', 'DEFAULT', NULL, 'com.ruoyi.quartz.util.QuartzDisallowConcurrentExecution', '0', '1', '0', '0', 0xACED0005737200156F72672E71756172747A2E4A6F62446174614D61709FB083E8BFA9B0CB020000787200266F72672E71756172747A2E7574696C732E537472696E674B65794469727479466C61674D61708208E8C3FBC55D280200015A0013616C6C6F77735472616E7369656E74446174617872001D6F72672E71756172747A2E7574696C732E4469727479466C61674D617013E62EAD28760ACE0200025A000564697274794C00036D617074000F4C6A6176612F7574696C2F4D61703B787001737200116A6176612E7574696C2E486173684D61700507DAC1C31660D103000246000A6C6F6164466163746F724900097468726573686F6C6478703F4000000000000C7708000000100000000174000F5441534B5F50524F504552544945537372001E636F6D2E72756F79692E71756172747A2E646F6D61696E2E5379734A6F6200000000000000010200084C000A636F6E63757272656E747400124C6A6176612F6C616E672F537472696E673B4C000E63726F6E45787072657373696F6E71007E00094C000C696E766F6B6554617267657471007E00094C00086A6F6247726F757071007E00094C00056A6F6249647400104C6A6176612F6C616E672F4C6F6E673B4C00076A6F624E616D6571007E00094C000D6D697366697265506F6C69637971007E00094C000673746174757371007E000978720027636F6D2E72756F79692E636F6D6D6F6E2E636F72652E646F6D61696E2E42617365456E7469747900000000000000010200074C0008637265617465427971007E00094C000A63726561746554696D657400104C6A6176612F7574696C2F446174653B4C0006706172616D7371007E00034C000672656D61726B71007E00094C000B73656172636856616C756571007E00094C0008757064617465427971007E00094C000A75706461746554696D6571007E000C787074000561646D696E7372000E6A6176612E7574696C2E44617465686A81014B5974190300007870770800000179193442F078707400007070707400013174000E302F3135202A202A202A202A203F74001572795461736B2E7279506172616D7328277279272974000744454641554C547372000E6A6176612E6C616E672E4C6F6E673B8BE490CC8F23DF0200014A000576616C7565787200106A6176612E6C616E672E4E756D62657286AC951D0B94E08B02000078700000000000000002740018E7B3BBE7BB9FE9BB98E8AEA4EFBC88E69C89E58F82EFBC8974000133740001317800);
INSERT INTO `qrtz_job_details` VALUES ('RuoyiScheduler', 'TASK_CLASS_NAME3', 'DEFAULT', NULL, 'com.ruoyi.quartz.util.QuartzDisallowConcurrentExecution', '0', '1', '0', '0', 0xACED0005737200156F72672E71756172747A2E4A6F62446174614D61709FB083E8BFA9B0CB020000787200266F72672E71756172747A2E7574696C732E537472696E674B65794469727479466C61674D61708208E8C3FBC55D280200015A0013616C6C6F77735472616E7369656E74446174617872001D6F72672E71756172747A2E7574696C732E4469727479466C61674D617013E62EAD28760ACE0200025A000564697274794C00036D617074000F4C6A6176612F7574696C2F4D61703B787001737200116A6176612E7574696C2E486173684D61700507DAC1C31660D103000246000A6C6F6164466163746F724900097468726573686F6C6478703F4000000000000C7708000000100000000174000F5441534B5F50524F504552544945537372001E636F6D2E72756F79692E71756172747A2E646F6D61696E2E5379734A6F6200000000000000010200084C000A636F6E63757272656E747400124C6A6176612F6C616E672F537472696E673B4C000E63726F6E45787072657373696F6E71007E00094C000C696E766F6B6554617267657471007E00094C00086A6F6247726F757071007E00094C00056A6F6249647400104C6A6176612F6C616E672F4C6F6E673B4C00076A6F624E616D6571007E00094C000D6D697366697265506F6C69637971007E00094C000673746174757371007E000978720027636F6D2E72756F79692E636F6D6D6F6E2E636F72652E646F6D61696E2E42617365456E7469747900000000000000010200074C0008637265617465427971007E00094C000A63726561746554696D657400104C6A6176612F7574696C2F446174653B4C0006706172616D7371007E00034C000672656D61726B71007E00094C000B73656172636856616C756571007E00094C0008757064617465427971007E00094C000A75706461746554696D6571007E000C787074000561646D696E7372000E6A6176612E7574696C2E44617465686A81014B5974190300007870770800000179193442F078707400007070707400013174000E302F3230202A202A202A202A203F74003872795461736B2E72794D756C7469706C65506172616D7328277279272C20747275652C20323030304C2C203331362E3530442C203130302974000744454641554C547372000E6A6176612E6C616E672E4C6F6E673B8BE490CC8F23DF0200014A000576616C7565787200106A6176612E6C616E672E4E756D62657286AC951D0B94E08B02000078700000000000000003740018E7B3BBE7BB9FE9BB98E8AEA4EFBC88E5A49AE58F82EFBC8974000133740001317800);
INSERT INTO `qrtz_job_details` VALUES ('WmappScheduler', 'TASK_CLASS_NAME1', 'DEFAULT', NULL, 'com.wmapp.quartz.util.QuartzDisallowConcurrentExecution', '0', '1', '0', '0', 0xACED0005737200156F72672E71756172747A2E4A6F62446174614D61709FB083E8BFA9B0CB020000787200266F72672E71756172747A2E7574696C732E537472696E674B65794469727479466C61674D61708208E8C3FBC55D280200015A0013616C6C6F77735472616E7369656E74446174617872001D6F72672E71756172747A2E7574696C732E4469727479466C61674D617013E62EAD28760ACE0200025A000564697274794C00036D617074000F4C6A6176612F7574696C2F4D61703B787001737200116A6176612E7574696C2E486173684D61700507DAC1C31660D103000246000A6C6F6164466163746F724900097468726573686F6C6478703F4000000000000C7708000000100000000174000F5441534B5F50524F504552544945537372001E636F6D2E776D6170702E71756172747A2E646F6D61696E2E5379734A6F6200000000000000010200084C000A636F6E63757272656E747400124C6A6176612F6C616E672F537472696E673B4C000E63726F6E45787072657373696F6E71007E00094C000C696E766F6B6554617267657471007E00094C00086A6F6247726F757071007E00094C00056A6F6249647400104C6A6176612F6C616E672F4C6F6E673B4C00076A6F624E616D6571007E00094C000D6D697366697265506F6C69637971007E00094C000673746174757371007E000978720027636F6D2E776D6170702E636F6D6D6F6E2E636F72652E646F6D61696E2E42617365456E7469747900000000000000010200074C0008637265617465427971007E00094C000A63726561746554696D657400104C6A6176612F7574696C2F446174653B4C0006706172616D7371007E00034C000672656D61726B71007E00094C000B73656172636856616C756571007E00094C0008757064617465427971007E00094C000A75706461746554696D6571007E000C787074000561646D696E7372000E6A6176612E7574696C2E44617465686A81014B5974190300007870770800000179193442F078707400007070707400013174000E302F3130202A202A202A202A203F74001172795461736B2E72794E6F506172616D7374000744454641554C547372000E6A6176612E6C616E672E4C6F6E673B8BE490CC8F23DF0200014A000576616C7565787200106A6176612E6C616E672E4E756D62657286AC951D0B94E08B02000078700000000000000001740018E7B3BBE7BB9FE9BB98E8AEA4EFBC88E697A0E58F82EFBC8974000133740001317800);
INSERT INTO `qrtz_job_details` VALUES ('WmappScheduler', 'TASK_CLASS_NAME2', 'DEFAULT', NULL, 'com.wmapp.quartz.util.QuartzDisallowConcurrentExecution', '0', '1', '0', '0', 0xACED0005737200156F72672E71756172747A2E4A6F62446174614D61709FB083E8BFA9B0CB020000787200266F72672E71756172747A2E7574696C732E537472696E674B65794469727479466C61674D61708208E8C3FBC55D280200015A0013616C6C6F77735472616E7369656E74446174617872001D6F72672E71756172747A2E7574696C732E4469727479466C61674D617013E62EAD28760ACE0200025A000564697274794C00036D617074000F4C6A6176612F7574696C2F4D61703B787001737200116A6176612E7574696C2E486173684D61700507DAC1C31660D103000246000A6C6F6164466163746F724900097468726573686F6C6478703F4000000000000C7708000000100000000174000F5441534B5F50524F504552544945537372001E636F6D2E776D6170702E71756172747A2E646F6D61696E2E5379734A6F6200000000000000010200084C000A636F6E63757272656E747400124C6A6176612F6C616E672F537472696E673B4C000E63726F6E45787072657373696F6E71007E00094C000C696E766F6B6554617267657471007E00094C00086A6F6247726F757071007E00094C00056A6F6249647400104C6A6176612F6C616E672F4C6F6E673B4C00076A6F624E616D6571007E00094C000D6D697366697265506F6C69637971007E00094C000673746174757371007E000978720027636F6D2E776D6170702E636F6D6D6F6E2E636F72652E646F6D61696E2E42617365456E7469747900000000000000010200074C0008637265617465427971007E00094C000A63726561746554696D657400104C6A6176612F7574696C2F446174653B4C0006706172616D7371007E00034C000672656D61726B71007E00094C000B73656172636856616C756571007E00094C0008757064617465427971007E00094C000A75706461746554696D6571007E000C787074000561646D696E7372000E6A6176612E7574696C2E44617465686A81014B5974190300007870770800000179193442F078707400007070707400013174000E302F3135202A202A202A202A203F74001572795461736B2E7279506172616D7328277279272974000744454641554C547372000E6A6176612E6C616E672E4C6F6E673B8BE490CC8F23DF0200014A000576616C7565787200106A6176612E6C616E672E4E756D62657286AC951D0B94E08B02000078700000000000000002740018E7B3BBE7BB9FE9BB98E8AEA4EFBC88E69C89E58F82EFBC8974000133740001317800);
INSERT INTO `qrtz_job_details` VALUES ('WmappScheduler', 'TASK_CLASS_NAME3', 'DEFAULT', NULL, 'com.wmapp.quartz.util.QuartzDisallowConcurrentExecution', '0', '1', '0', '0', 0xACED0005737200156F72672E71756172747A2E4A6F62446174614D61709FB083E8BFA9B0CB020000787200266F72672E71756172747A2E7574696C732E537472696E674B65794469727479466C61674D61708208E8C3FBC55D280200015A0013616C6C6F77735472616E7369656E74446174617872001D6F72672E71756172747A2E7574696C732E4469727479466C61674D617013E62EAD28760ACE0200025A000564697274794C00036D617074000F4C6A6176612F7574696C2F4D61703B787001737200116A6176612E7574696C2E486173684D61700507DAC1C31660D103000246000A6C6F6164466163746F724900097468726573686F6C6478703F4000000000000C7708000000100000000174000F5441534B5F50524F504552544945537372001E636F6D2E776D6170702E71756172747A2E646F6D61696E2E5379734A6F6200000000000000010200084C000A636F6E63757272656E747400124C6A6176612F6C616E672F537472696E673B4C000E63726F6E45787072657373696F6E71007E00094C000C696E766F6B6554617267657471007E00094C00086A6F6247726F757071007E00094C00056A6F6249647400104C6A6176612F6C616E672F4C6F6E673B4C00076A6F624E616D6571007E00094C000D6D697366697265506F6C69637971007E00094C000673746174757371007E000978720027636F6D2E776D6170702E636F6D6D6F6E2E636F72652E646F6D61696E2E42617365456E7469747900000000000000010200074C0008637265617465427971007E00094C000A63726561746554696D657400104C6A6176612F7574696C2F446174653B4C0006706172616D7371007E00034C000672656D61726B71007E00094C000B73656172636856616C756571007E00094C0008757064617465427971007E00094C000A75706461746554696D6571007E000C787074000561646D696E7372000E6A6176612E7574696C2E44617465686A81014B5974190300007870770800000179193442F078707400007070707400013174000E302F3230202A202A202A202A203F74003872795461736B2E72794D756C7469706C65506172616D7328277279272C20747275652C20323030304C2C203331362E3530442C203130302974000744454641554C547372000E6A6176612E6C616E672E4C6F6E673B8BE490CC8F23DF0200014A000576616C7565787200106A6176612E6C616E672E4E756D62657286AC951D0B94E08B02000078700000000000000003740018E7B3BBE7BB9FE9BB98E8AEA4EFBC88E5A49AE58F82EFBC8974000133740001317800);

-- ----------------------------
-- Table structure for qrtz_locks
-- ----------------------------
DROP TABLE IF EXISTS `qrtz_locks`;
CREATE TABLE `qrtz_locks`  (
  `sched_name` varchar(120) CHARACTER SET utf8mb4 COLLATE utf8mb4_general_ci NOT NULL,
  `lock_name` varchar(40) CHARACTER SET utf8mb4 COLLATE utf8mb4_general_ci NOT NULL,
  PRIMARY KEY (`sched_name`, `lock_name`) USING BTREE
) ENGINE = InnoDB CHARACTER SET = utf8mb4 COLLATE = utf8mb4_general_ci ROW_FORMAT = Dynamic;

-- ----------------------------
-- Records of qrtz_locks
-- ----------------------------
INSERT INTO `qrtz_locks` VALUES ('RuoyiScheduler', 'STATE_ACCESS');
INSERT INTO `qrtz_locks` VALUES ('RuoyiScheduler', 'TRIGGER_ACCESS');
INSERT INTO `qrtz_locks` VALUES ('WmappScheduler', 'STATE_ACCESS');
INSERT INTO `qrtz_locks` VALUES ('WmappScheduler', 'TRIGGER_ACCESS');

-- ----------------------------
-- Table structure for qrtz_paused_trigger_grps
-- ----------------------------
DROP TABLE IF EXISTS `qrtz_paused_trigger_grps`;
CREATE TABLE `qrtz_paused_trigger_grps`  (
  `sched_name` varchar(120) CHARACTER SET utf8mb4 COLLATE utf8mb4_general_ci NOT NULL,
  `trigger_group` varchar(200) CHARACTER SET utf8mb4 COLLATE utf8mb4_general_ci NOT NULL,
  PRIMARY KEY (`sched_name`, `trigger_group`) USING BTREE
) ENGINE = InnoDB CHARACTER SET = utf8mb4 COLLATE = utf8mb4_general_ci ROW_FORMAT = Dynamic;

-- ----------------------------
-- Records of qrtz_paused_trigger_grps
-- ----------------------------

-- ----------------------------
-- Table structure for qrtz_scheduler_state
-- ----------------------------
DROP TABLE IF EXISTS `qrtz_scheduler_state`;
CREATE TABLE `qrtz_scheduler_state`  (
  `sched_name` varchar(120) CHARACTER SET utf8mb4 COLLATE utf8mb4_general_ci NOT NULL,
  `instance_name` varchar(200) CHARACTER SET utf8mb4 COLLATE utf8mb4_general_ci NOT NULL,
  `last_checkin_time` bigint(13) NOT NULL,
  `checkin_interval` bigint(13) NOT NULL,
  PRIMARY KEY (`sched_name`, `instance_name`) USING BTREE
) ENGINE = InnoDB CHARACTER SET = utf8mb4 COLLATE = utf8mb4_general_ci ROW_FORMAT = Dynamic;

-- ----------------------------
-- Records of qrtz_scheduler_state
-- ----------------------------
INSERT INTO `qrtz_scheduler_state` VALUES ('RuoyiScheduler', 'hello10001011619711387531', 1619712200271, 15000);

-- ----------------------------
-- Table structure for qrtz_simple_triggers
-- ----------------------------
DROP TABLE IF EXISTS `qrtz_simple_triggers`;
CREATE TABLE `qrtz_simple_triggers`  (
  `sched_name` varchar(120) CHARACTER SET utf8mb4 COLLATE utf8mb4_general_ci NOT NULL,
  `trigger_name` varchar(200) CHARACTER SET utf8mb4 COLLATE utf8mb4_general_ci NOT NULL,
  `trigger_group` varchar(200) CHARACTER SET utf8mb4 COLLATE utf8mb4_general_ci NOT NULL,
  `repeat_count` bigint(7) NOT NULL,
  `repeat_interval` bigint(12) NOT NULL,
  `times_triggered` bigint(10) NOT NULL,
  PRIMARY KEY (`sched_name`, `trigger_name`, `trigger_group`) USING BTREE,
  CONSTRAINT `qrtz_simple_triggers_ibfk_1` FOREIGN KEY (`sched_name`, `trigger_name`, `trigger_group`) REFERENCES `qrtz_triggers` (`sched_name`, `trigger_name`, `trigger_group`) ON DELETE RESTRICT ON UPDATE RESTRICT
) ENGINE = InnoDB CHARACTER SET = utf8mb4 COLLATE = utf8mb4_general_ci ROW_FORMAT = Dynamic;

-- ----------------------------
-- Records of qrtz_simple_triggers
-- ----------------------------

-- ----------------------------
-- Table structure for qrtz_simprop_triggers
-- ----------------------------
DROP TABLE IF EXISTS `qrtz_simprop_triggers`;
CREATE TABLE `qrtz_simprop_triggers`  (
  `sched_name` varchar(120) CHARACTER SET utf8mb4 COLLATE utf8mb4_general_ci NOT NULL,
  `trigger_name` varchar(200) CHARACTER SET utf8mb4 COLLATE utf8mb4_general_ci NOT NULL,
  `trigger_group` varchar(200) CHARACTER SET utf8mb4 COLLATE utf8mb4_general_ci NOT NULL,
  `str_prop_1` varchar(512) CHARACTER SET utf8mb4 COLLATE utf8mb4_general_ci NULL DEFAULT NULL,
  `str_prop_2` varchar(512) CHARACTER SET utf8mb4 COLLATE utf8mb4_general_ci NULL DEFAULT NULL,
  `str_prop_3` varchar(512) CHARACTER SET utf8mb4 COLLATE utf8mb4_general_ci NULL DEFAULT NULL,
  `int_prop_1` int(11) NULL DEFAULT NULL,
  `int_prop_2` int(11) NULL DEFAULT NULL,
  `long_prop_1` bigint(20) NULL DEFAULT NULL,
  `long_prop_2` bigint(20) NULL DEFAULT NULL,
  `dec_prop_1` decimal(13, 4) NULL DEFAULT NULL,
  `dec_prop_2` decimal(13, 4) NULL DEFAULT NULL,
  `bool_prop_1` varchar(1) CHARACTER SET utf8mb4 COLLATE utf8mb4_general_ci NULL DEFAULT NULL,
  `bool_prop_2` varchar(1) CHARACTER SET utf8mb4 COLLATE utf8mb4_general_ci NULL DEFAULT NULL,
  PRIMARY KEY (`sched_name`, `trigger_name`, `trigger_group`) USING BTREE,
  CONSTRAINT `qrtz_simprop_triggers_ibfk_1` FOREIGN KEY (`sched_name`, `trigger_name`, `trigger_group`) REFERENCES `qrtz_triggers` (`sched_name`, `trigger_name`, `trigger_group`) ON DELETE RESTRICT ON UPDATE RESTRICT
) ENGINE = InnoDB CHARACTER SET = utf8mb4 COLLATE = utf8mb4_general_ci ROW_FORMAT = Dynamic;

-- ----------------------------
-- Records of qrtz_simprop_triggers
-- ----------------------------

-- ----------------------------
-- Table structure for qrtz_triggers
-- ----------------------------
DROP TABLE IF EXISTS `qrtz_triggers`;
CREATE TABLE `qrtz_triggers`  (
  `sched_name` varchar(120) CHARACTER SET utf8mb4 COLLATE utf8mb4_general_ci NOT NULL,
  `trigger_name` varchar(200) CHARACTER SET utf8mb4 COLLATE utf8mb4_general_ci NOT NULL,
  `trigger_group` varchar(200) CHARACTER SET utf8mb4 COLLATE utf8mb4_general_ci NOT NULL,
  `job_name` varchar(200) CHARACTER SET utf8mb4 COLLATE utf8mb4_general_ci NOT NULL,
  `job_group` varchar(200) CHARACTER SET utf8mb4 COLLATE utf8mb4_general_ci NOT NULL,
  `description` varchar(250) CHARACTER SET utf8mb4 COLLATE utf8mb4_general_ci NULL DEFAULT NULL,
  `next_fire_time` bigint(13) NULL DEFAULT NULL,
  `prev_fire_time` bigint(13) NULL DEFAULT NULL,
  `priority` int(11) NULL DEFAULT NULL,
  `trigger_state` varchar(16) CHARACTER SET utf8mb4 COLLATE utf8mb4_general_ci NOT NULL,
  `trigger_type` varchar(8) CHARACTER SET utf8mb4 COLLATE utf8mb4_general_ci NOT NULL,
  `start_time` bigint(13) NOT NULL,
  `end_time` bigint(13) NULL DEFAULT NULL,
  `calendar_name` varchar(200) CHARACTER SET utf8mb4 COLLATE utf8mb4_general_ci NULL DEFAULT NULL,
  `misfire_instr` smallint(2) NULL DEFAULT NULL,
  `job_data` blob NULL,
  PRIMARY KEY (`sched_name`, `trigger_name`, `trigger_group`) USING BTREE,
  INDEX `sched_name`(`sched_name`, `job_name`, `job_group`) USING BTREE,
  CONSTRAINT `qrtz_triggers_ibfk_1` FOREIGN KEY (`sched_name`, `job_name`, `job_group`) REFERENCES `qrtz_job_details` (`sched_name`, `job_name`, `job_group`) ON DELETE RESTRICT ON UPDATE RESTRICT
) ENGINE = InnoDB CHARACTER SET = utf8mb4 COLLATE = utf8mb4_general_ci ROW_FORMAT = Dynamic;

-- ----------------------------
-- Records of qrtz_triggers
-- ----------------------------
INSERT INTO `qrtz_triggers` VALUES ('RuoyiScheduler', 'TASK_CLASS_NAME1', 'DEFAULT', 'TASK_CLASS_NAME1', 'DEFAULT', NULL, 1619711390000, -1, 5, 'PAUSED', 'CRON', 1619711387000, 0, NULL, 2, '');
INSERT INTO `qrtz_triggers` VALUES ('RuoyiScheduler', 'TASK_CLASS_NAME2', 'DEFAULT', 'TASK_CLASS_NAME2', 'DEFAULT', NULL, 1619711400000, -1, 5, 'PAUSED', 'CRON', 1619711387000, 0, NULL, 2, '');
INSERT INTO `qrtz_triggers` VALUES ('RuoyiScheduler', 'TASK_CLASS_NAME3', 'DEFAULT', 'TASK_CLASS_NAME3', 'DEFAULT', NULL, 1619711400000, -1, 5, 'PAUSED', 'CRON', 1619711387000, 0, NULL, 2, '');
INSERT INTO `qrtz_triggers` VALUES ('WmappScheduler', 'TASK_CLASS_NAME1', 'DEFAULT', 'TASK_CLASS_NAME1', 'DEFAULT', NULL, 1637285370000, -1, 5, 'PAUSED', 'CRON', 1637285366000, 0, NULL, 2, '');
INSERT INTO `qrtz_triggers` VALUES ('WmappScheduler', 'TASK_CLASS_NAME2', 'DEFAULT', 'TASK_CLASS_NAME2', 'DEFAULT', NULL, 1637285370000, -1, 5, 'PAUSED', 'CRON', 1637285366000, 0, NULL, 2, '');
INSERT INTO `qrtz_triggers` VALUES ('WmappScheduler', 'TASK_CLASS_NAME3', 'DEFAULT', 'TASK_CLASS_NAME3', 'DEFAULT', NULL, 1637285380000, -1, 5, 'PAUSED', 'CRON', 1637285366000, 0, NULL, 2, '');

-- ----------------------------
-- Table structure for sys_config
-- ----------------------------
DROP TABLE IF EXISTS `sys_config`;
CREATE TABLE `sys_config`  (
  `config_id` int(5) NOT NULL AUTO_INCREMENT COMMENT '参数主键',
  `config_name` varchar(100) CHARACTER SET utf8mb4 COLLATE utf8mb4_general_ci NULL DEFAULT '' COMMENT '参数名称',
  `config_key` varchar(100) CHARACTER SET utf8mb4 COLLATE utf8mb4_general_ci NULL DEFAULT '' COMMENT '参数键名',
  `config_value` varchar(500) CHARACTER SET utf8mb4 COLLATE utf8mb4_general_ci NULL DEFAULT '' COMMENT '参数键值',
  `config_type` char(1) CHARACTER SET utf8mb4 COLLATE utf8mb4_general_ci NULL DEFAULT 'N' COMMENT '系统内置（Y是 N否）',
  `create_by` varchar(64) CHARACTER SET utf8mb4 COLLATE utf8mb4_general_ci NULL DEFAULT '' COMMENT '创建者',
  `create_time` datetime NULL DEFAULT NULL COMMENT '创建时间',
  `update_by` varchar(64) CHARACTER SET utf8mb4 COLLATE utf8mb4_general_ci NULL DEFAULT '' COMMENT '更新者',
  `update_time` datetime NULL DEFAULT NULL COMMENT '更新时间',
  `remark` varchar(500) CHARACTER SET utf8mb4 COLLATE utf8mb4_general_ci NULL DEFAULT NULL COMMENT '备注',
  PRIMARY KEY (`config_id`) USING BTREE
) ENGINE = InnoDB AUTO_INCREMENT = 4 CHARACTER SET = utf8mb4 COLLATE = utf8mb4_general_ci COMMENT = '参数配置表' ROW_FORMAT = Dynamic;

-- ----------------------------
-- Records of sys_config
-- ----------------------------
INSERT INTO `sys_config` VALUES (1, '主框架页-默认皮肤样式名称', 'sys.index.skinName', 'skin-blue', 'Y', 'admin', '2021-04-28 23:58:46', '', NULL, '蓝色 skin-blue、绿色 skin-green、紫色 skin-purple、红色 skin-red、黄色 skin-yellow');
INSERT INTO `sys_config` VALUES (2, '用户管理-账号初始密码', 'sys.user.initPassword', 'admin@123!', 'Y', 'admin', '2021-04-28 23:58:46', 'admin', '2021-05-05 21:28:58', '初始化密码 admin@123!');
INSERT INTO `sys_config` VALUES (3, '主框架页-侧边栏主题', 'sys.index.sideTheme', 'theme-dark', 'Y', 'admin', '2021-04-28 23:58:46', '', NULL, '深色主题theme-dark，浅色主题theme-light');

-- ----------------------------
-- Table structure for sys_dept
-- ----------------------------
DROP TABLE IF EXISTS `sys_dept`;
CREATE TABLE `sys_dept`  (
  `dept_id` bigint(20) NOT NULL AUTO_INCREMENT COMMENT '部门id',
  `parent_id` bigint(20) NULL DEFAULT 0 COMMENT '父部门id',
  `ancestors` varchar(50) CHARACTER SET utf8mb4 COLLATE utf8mb4_general_ci NULL DEFAULT '' COMMENT '祖级列表',
  `dept_name` varchar(30) CHARACTER SET utf8mb4 COLLATE utf8mb4_general_ci NULL DEFAULT '' COMMENT '部门名称',
  `order_num` int(4) NULL DEFAULT 0 COMMENT '显示顺序',
  `leader` varchar(20) CHARACTER SET utf8mb4 COLLATE utf8mb4_general_ci NULL DEFAULT NULL COMMENT '负责人',
  `phone` varchar(11) CHARACTER SET utf8mb4 COLLATE utf8mb4_general_ci NULL DEFAULT NULL COMMENT '联系电话',
  `email` varchar(50) CHARACTER SET utf8mb4 COLLATE utf8mb4_general_ci NULL DEFAULT NULL COMMENT '邮箱',
  `status` char(1) CHARACTER SET utf8mb4 COLLATE utf8mb4_general_ci NULL DEFAULT '0' COMMENT '部门状态（0正常 1停用）',
  `del_flag` char(1) CHARACTER SET utf8mb4 COLLATE utf8mb4_general_ci NULL DEFAULT '0' COMMENT '删除标志（0代表存在 2代表删除）',
  `create_by` varchar(64) CHARACTER SET utf8mb4 COLLATE utf8mb4_general_ci NULL DEFAULT '' COMMENT '创建者',
  `create_time` datetime NULL DEFAULT NULL COMMENT '创建时间',
  `update_by` varchar(64) CHARACTER SET utf8mb4 COLLATE utf8mb4_general_ci NULL DEFAULT '' COMMENT '更新者',
  `update_time` datetime NULL DEFAULT NULL COMMENT '更新时间',
  PRIMARY KEY (`dept_id`) USING BTREE
) ENGINE = InnoDB AUTO_INCREMENT = 101 CHARACTER SET = utf8mb4 COLLATE = utf8mb4_general_ci COMMENT = '部门表' ROW_FORMAT = Dynamic;

-- ----------------------------
-- Records of sys_dept
-- ----------------------------
INSERT INTO `sys_dept` VALUES (100, 0, '0', '若依', 0, 'gold', '18888888888', 'ruoyi@qq.com', '0', '0', 'admin', '2021-04-28 23:58:46', NULL, NULL);

-- ----------------------------
-- Table structure for sys_dict_data
-- ----------------------------
DROP TABLE IF EXISTS `sys_dict_data`;
CREATE TABLE `sys_dict_data`  (
  `dict_code` bigint(20) NOT NULL AUTO_INCREMENT COMMENT '字典编码',
  `dict_sort` int(4) NULL DEFAULT 0 COMMENT '字典排序',
  `dict_label` varchar(100) CHARACTER SET utf8mb4 COLLATE utf8mb4_general_ci NULL DEFAULT '' COMMENT '字典标签',
  `dict_value` varchar(100) CHARACTER SET utf8mb4 COLLATE utf8mb4_general_ci NULL DEFAULT '' COMMENT '字典键值',
  `dict_type` varchar(100) CHARACTER SET utf8mb4 COLLATE utf8mb4_general_ci NULL DEFAULT '' COMMENT '字典类型',
  `css_class` varchar(100) CHARACTER SET utf8mb4 COLLATE utf8mb4_general_ci NULL DEFAULT NULL COMMENT '样式属性（其他样式扩展）',
  `list_class` varchar(100) CHARACTER SET utf8mb4 COLLATE utf8mb4_general_ci NULL DEFAULT NULL COMMENT '表格回显样式',
  `is_default` char(1) CHARACTER SET utf8mb4 COLLATE utf8mb4_general_ci NULL DEFAULT 'N' COMMENT '是否默认（Y是 N否）',
  `status` char(1) CHARACTER SET utf8mb4 COLLATE utf8mb4_general_ci NULL DEFAULT '0' COMMENT '状态（0正常 1停用）',
  `create_by` varchar(64) CHARACTER SET utf8mb4 COLLATE utf8mb4_general_ci NULL DEFAULT '' COMMENT '创建者',
  `create_time` datetime NULL DEFAULT NULL COMMENT '创建时间',
  `update_by` varchar(64) CHARACTER SET utf8mb4 COLLATE utf8mb4_general_ci NULL DEFAULT '' COMMENT '更新者',
  `update_time` datetime NULL DEFAULT NULL COMMENT '更新时间',
  `remark` varchar(500) CHARACTER SET utf8mb4 COLLATE utf8mb4_general_ci NULL DEFAULT NULL COMMENT '备注',
  PRIMARY KEY (`dict_code`) USING BTREE
) ENGINE = InnoDB AUTO_INCREMENT = 120 CHARACTER SET = utf8mb4 COLLATE = utf8mb4_general_ci COMMENT = '字典数据表' ROW_FORMAT = Dynamic;

-- ----------------------------
-- Records of sys_dict_data
-- ----------------------------
INSERT INTO `sys_dict_data` VALUES (1, 1, '男', '0', 'sys_user_sex', '', '', 'Y', '0', 'admin', '2021-04-28 23:58:46', '', NULL, '性别男');
INSERT INTO `sys_dict_data` VALUES (2, 2, '女', '1', 'sys_user_sex', '', '', 'N', '0', 'admin', '2021-04-28 23:58:46', '', NULL, '性别女');
INSERT INTO `sys_dict_data` VALUES (3, 3, '未知', '2', 'sys_user_sex', '', '', 'N', '0', 'admin', '2021-04-28 23:58:46', '', NULL, '性别未知');
INSERT INTO `sys_dict_data` VALUES (4, 1, '显示', '0', 'sys_show_hide', '', 'primary', 'Y', '0', 'admin', '2021-04-28 23:58:46', '', NULL, '显示菜单');
INSERT INTO `sys_dict_data` VALUES (5, 2, '隐藏', '1', 'sys_show_hide', '', 'danger', 'N', '0', 'admin', '2021-04-28 23:58:46', '', NULL, '隐藏菜单');
INSERT INTO `sys_dict_data` VALUES (6, 1, '正常', '0', 'sys_normal_disable', '', 'primary', 'Y', '0', 'admin', '2021-04-28 23:58:46', '', NULL, '正常状态');
INSERT INTO `sys_dict_data` VALUES (7, 2, '停用', '1', 'sys_normal_disable', '', 'danger', 'N', '0', 'admin', '2021-04-28 23:58:46', '', NULL, '停用状态');
INSERT INTO `sys_dict_data` VALUES (8, 1, '正常', '0', 'sys_job_status', '', 'primary', 'Y', '0', 'admin', '2021-04-28 23:58:46', '', NULL, '正常状态');
INSERT INTO `sys_dict_data` VALUES (9, 2, '暂停', '1', 'sys_job_status', '', 'danger', 'N', '0', 'admin', '2021-04-28 23:58:46', '', NULL, '停用状态');
INSERT INTO `sys_dict_data` VALUES (10, 1, '默认', 'DEFAULT', 'sys_job_group', '', '', 'Y', '0', 'admin', '2021-04-28 23:58:46', '', NULL, '默认分组');
INSERT INTO `sys_dict_data` VALUES (11, 2, '系统', 'SYSTEM', 'sys_job_group', '', '', 'N', '0', 'admin', '2021-04-28 23:58:46', '', NULL, '系统分组');
INSERT INTO `sys_dict_data` VALUES (12, 1, '是', 'Y', 'sys_yes_no', '', 'primary', 'Y', '0', 'admin', '2021-04-28 23:58:46', '', NULL, '系统默认是');
INSERT INTO `sys_dict_data` VALUES (13, 2, '否', 'N', 'sys_yes_no', '', 'danger', 'N', '0', 'admin', '2021-04-28 23:58:46', '', NULL, '系统默认否');
INSERT INTO `sys_dict_data` VALUES (14, 1, '通知', '1', 'sys_notice_type', '', 'warning', 'Y', '0', 'admin', '2021-04-28 23:58:46', '', NULL, '通知');
INSERT INTO `sys_dict_data` VALUES (15, 2, '公告', '2', 'sys_notice_type', '', 'success', 'N', '0', 'admin', '2021-04-28 23:58:46', '', NULL, '公告');
INSERT INTO `sys_dict_data` VALUES (16, 1, '正常', '0', 'sys_notice_status', '', 'primary', 'Y', '0', 'admin', '2021-04-28 23:58:46', '', NULL, '正常状态');
INSERT INTO `sys_dict_data` VALUES (17, 2, '关闭', '1', 'sys_notice_status', '', 'danger', 'N', '0', 'admin', '2021-04-28 23:58:46', '', NULL, '关闭状态');
INSERT INTO `sys_dict_data` VALUES (18, 1, '新增', '1', 'sys_oper_type', '', 'info', 'N', '0', 'admin', '2021-04-28 23:58:46', '', NULL, '新增操作');
INSERT INTO `sys_dict_data` VALUES (19, 2, '修改', '2', 'sys_oper_type', '', 'info', 'N', '0', 'admin', '2021-04-28 23:58:46', '', NULL, '修改操作');
INSERT INTO `sys_dict_data` VALUES (20, 3, '删除', '3', 'sys_oper_type', '', 'danger', 'N', '0', 'admin', '2021-04-28 23:58:46', '', NULL, '删除操作');
INSERT INTO `sys_dict_data` VALUES (21, 4, '授权', '4', 'sys_oper_type', '', 'primary', 'N', '0', 'admin', '2021-04-28 23:58:46', '', NULL, '授权操作');
INSERT INTO `sys_dict_data` VALUES (22, 5, '导出', '5', 'sys_oper_type', '', 'warning', 'N', '0', 'admin', '2021-04-28 23:58:46', '', NULL, '导出操作');
INSERT INTO `sys_dict_data` VALUES (23, 6, '导入', '6', 'sys_oper_type', '', 'warning', 'N', '0', 'admin', '2021-04-28 23:58:46', '', NULL, '导入操作');
INSERT INTO `sys_dict_data` VALUES (24, 7, '强退', '7', 'sys_oper_type', '', 'danger', 'N', '0', 'admin', '2021-04-28 23:58:46', '', NULL, '强退操作');
INSERT INTO `sys_dict_data` VALUES (25, 8, '生成代码', '8', 'sys_oper_type', '', 'warning', 'N', '0', 'admin', '2021-04-28 23:58:46', '', NULL, '生成操作');
INSERT INTO `sys_dict_data` VALUES (26, 9, '清空数据', '9', 'sys_oper_type', '', 'danger', 'N', '0', 'admin', '2021-04-28 23:58:46', '', NULL, '清空操作');
INSERT INTO `sys_dict_data` VALUES (27, 1, '成功', '0', 'sys_common_status', '', 'primary', 'N', '0', 'admin', '2021-04-28 23:58:46', '', NULL, '正常状态');
INSERT INTO `sys_dict_data` VALUES (28, 2, '失败', '1', 'sys_common_status', '', 'danger', 'N', '0', 'admin', '2021-04-28 23:58:46', '', NULL, '停用状态');
INSERT INTO `sys_dict_data` VALUES (89, 0, '正常', '0', 'sys_status', NULL, NULL, 'N', '0', 'admin', '2021-04-28 23:58:46', '', NULL, NULL);
INSERT INTO `sys_dict_data` VALUES (90, 1, '禁用', '1', 'sys_status', NULL, NULL, 'N', '0', 'admin', '2021-04-28 23:58:46', '', NULL, NULL);
INSERT INTO `sys_dict_data` VALUES (91, 1, '大节点', '1', 'fil_node_type', NULL, NULL, 'N', '0', 'admin', '2021-04-28 23:58:46', '', NULL, NULL);
INSERT INTO `sys_dict_data` VALUES (92, 1, '小节点', '2', 'fil_node_type', NULL, NULL, 'N', '0', 'admin', '2021-04-28 23:58:46', '', NULL, NULL);
INSERT INTO `sys_dict_data` VALUES (93, 0, '投入收益', '0', 'fil_user_revenue_type', NULL, NULL, 'N', '0', 'admin', '2021-04-28 23:58:46', '', NULL, NULL);
INSERT INTO `sys_dict_data` VALUES (94, 1, '节点收益', '1', 'fil_user_revenue_type', NULL, NULL, 'N', '0', 'admin', '2021-04-28 23:58:46', '', NULL, NULL);
INSERT INTO `sys_dict_data` VALUES (95, 2, '静态收益', '2', 'fil_user_revenue_type', NULL, NULL, 'N', '0', 'admin', '2021-04-28 23:58:46', '', NULL, NULL);
INSERT INTO `sys_dict_data` VALUES (96, 3, '动态收益', '3', 'fil_user_revenue_type', NULL, NULL, 'N', '0', 'admin', '2021-04-28 23:58:46', '', NULL, NULL);
INSERT INTO `sys_dict_data` VALUES (97, 0, '未激活', '0', 'sys_activate_status', NULL, NULL, 'N', '0', 'admin', '2021-04-28 23:58:46', '', NULL, NULL);
INSERT INTO `sys_dict_data` VALUES (98, 1, '已激活', '1', 'sys_activate_status', NULL, NULL, 'N', '0', 'admin', '2021-04-28 23:58:46', '', NULL, NULL);
INSERT INTO `sys_dict_data` VALUES (99, 0, '用户投入', '0', 'fil_record_type', NULL, NULL, 'N', '0', 'admin', '2021-04-28 23:58:46', '', NULL, '投入');
INSERT INTO `sys_dict_data` VALUES (100, 1, '用户提现', '1', 'fil_record_type', NULL, NULL, 'N', '0', 'admin', '2021-04-28 23:58:46', '', NULL, NULL);
INSERT INTO `sys_dict_data` VALUES (101, 2, '备用转账', '2', 'fil_record_type', NULL, NULL, 'N', '0', 'admin', '2021-04-28 23:58:46', '', NULL, NULL);
INSERT INTO `sys_dict_data` VALUES (102, 0, '待提交', '0', 'fil_record_status', NULL, NULL, 'N', '0', 'admin', '2021-04-28 23:58:46', '', NULL, NULL);
INSERT INTO `sys_dict_data` VALUES (103, 1, '确认中', '1', 'fil_record_status', NULL, NULL, 'N', '0', 'admin', '2021-04-28 23:58:46', '', NULL, NULL);
INSERT INTO `sys_dict_data` VALUES (104, 2, '交易成功', '2', 'fil_record_status', NULL, NULL, 'N', '0', 'admin', '2021-04-28 23:58:46', '', NULL, NULL);
INSERT INTO `sys_dict_data` VALUES (105, 3, '交易失败', '3', 'fil_record_status', NULL, NULL, 'N', '0', 'admin', '2021-04-28 23:58:46', '', NULL, NULL);
INSERT INTO `sys_dict_data` VALUES (106, 0, '进账', '0', 'fil_record_amount_type', NULL, NULL, 'N', '0', 'admin', '2021-04-28 23:58:46', '', NULL, NULL);
INSERT INTO `sys_dict_data` VALUES (107, 1, '出账', '1', 'fil_record_amount_type', NULL, NULL, 'N', '0', 'admin', '2021-04-28 23:58:46', '', NULL, NULL);
INSERT INTO `sys_dict_data` VALUES (108, 0, '待投入', '0', 'fil_cash_status', NULL, NULL, 'N', '0', 'admin', '2021-04-28 23:58:46', '', NULL, NULL);
INSERT INTO `sys_dict_data` VALUES (109, 1, '提现成功', '1', 'fil_cash_status', NULL, NULL, 'N', '0', 'admin', '2021-04-28 23:58:46', '', NULL, NULL);
INSERT INTO `sys_dict_data` VALUES (110, 2, '提现失败', '2', 'fil_cash_status', NULL, NULL, 'N', '0', 'admin', '2021-04-28 23:58:46', '', NULL, NULL);
INSERT INTO `sys_dict_data` VALUES (113, 3, '节点申购', '3', 'fil_record_type', NULL, NULL, 'N', '0', 'admin', '2021-04-28 23:58:46', '', NULL, NULL);
INSERT INTO `sys_dict_data` VALUES (114, 4, '提现复投', '4', 'fil_record_type', NULL, NULL, 'N', '0', 'admin', '2021-04-28 23:58:46', '', NULL, NULL);
INSERT INTO `sys_dict_data` VALUES (115, 5, '用户授权', '5', 'fil_record_type', NULL, NULL, 'N', '0', 'admin', '2021-04-28 23:58:46', '', NULL, NULL);
INSERT INTO `sys_dict_data` VALUES (116, 0, '平台收益', '0', 'fil_platform_revenue_type', NULL, NULL, 'N', '0', 'admin', '2021-04-28 23:58:46', '', NULL, NULL);
INSERT INTO `sys_dict_data` VALUES (117, 1, '节点冗余', '1', 'fil_platform_revenue_type', NULL, NULL, 'N', '0', 'admin', '2021-04-28 23:58:46', '', NULL, NULL);
INSERT INTO `sys_dict_data` VALUES (118, 2, '动态冗余', '2', 'fil_platform_revenue_type', NULL, NULL, 'N', '0', 'admin', '2021-04-28 23:58:46', '', NULL, NULL);
INSERT INTO `sys_dict_data` VALUES (119, 3, '静态冗余', '3', 'fil_platform_revenue_type', NULL, NULL, 'N', '0', 'admin', '2021-04-28 23:58:46', '', NULL, NULL);

-- ----------------------------
-- Table structure for sys_dict_type
-- ----------------------------
DROP TABLE IF EXISTS `sys_dict_type`;
CREATE TABLE `sys_dict_type`  (
  `dict_id` bigint(20) NOT NULL AUTO_INCREMENT COMMENT '字典主键',
  `dict_name` varchar(100) CHARACTER SET utf8mb4 COLLATE utf8mb4_general_ci NULL DEFAULT '' COMMENT '字典名称',
  `dict_type` varchar(100) CHARACTER SET utf8mb4 COLLATE utf8mb4_general_ci NULL DEFAULT '' COMMENT '字典类型',
  `status` char(1) CHARACTER SET utf8mb4 COLLATE utf8mb4_general_ci NULL DEFAULT '0' COMMENT '状态（0正常 1停用）',
  `create_by` varchar(64) CHARACTER SET utf8mb4 COLLATE utf8mb4_general_ci NULL DEFAULT '' COMMENT '创建者',
  `create_time` datetime NULL DEFAULT NULL COMMENT '创建时间',
  `update_by` varchar(64) CHARACTER SET utf8mb4 COLLATE utf8mb4_general_ci NULL DEFAULT '' COMMENT '更新者',
  `update_time` datetime NULL DEFAULT NULL COMMENT '更新时间',
  `remark` varchar(500) CHARACTER SET utf8mb4 COLLATE utf8mb4_general_ci NULL DEFAULT NULL COMMENT '备注',
  PRIMARY KEY (`dict_id`) USING BTREE,
  UNIQUE INDEX `dict_type`(`dict_type`) USING BTREE
) ENGINE = InnoDB AUTO_INCREMENT = 31 CHARACTER SET = utf8mb4 COLLATE = utf8mb4_general_ci COMMENT = '字典类型表' ROW_FORMAT = Dynamic;

-- ----------------------------
-- Records of sys_dict_type
-- ----------------------------
INSERT INTO `sys_dict_type` VALUES (1, '用户性别', 'sys_user_sex', '0', 'admin', '2021-04-28 23:58:46', '', NULL, '用户性别列表');
INSERT INTO `sys_dict_type` VALUES (2, '显示状态', 'sys_show_hide', '0', 'admin', '2021-04-28 23:58:46', '', NULL, '显示状态列表');
INSERT INTO `sys_dict_type` VALUES (3, '系统开关', 'sys_normal_disable', '0', 'admin', '2021-04-28 23:58:46', '', NULL, '系统开关列表');
INSERT INTO `sys_dict_type` VALUES (4, '任务状态', 'sys_job_status', '0', 'admin', '2021-04-28 23:58:46', '', NULL, '任务状态列表');
INSERT INTO `sys_dict_type` VALUES (5, '任务分组', 'sys_job_group', '0', 'admin', '2021-04-28 23:58:46', '', NULL, '任务分组列表');
INSERT INTO `sys_dict_type` VALUES (6, '系统是否', 'sys_yes_no', '0', 'admin', '2021-04-28 23:58:46', '', NULL, '系统是否列表');
INSERT INTO `sys_dict_type` VALUES (7, '通知类型', 'sys_notice_type', '0', 'admin', '2021-04-28 23:58:46', '', NULL, '通知类型列表');
INSERT INTO `sys_dict_type` VALUES (8, '通知状态', 'sys_notice_status', '0', 'admin', '2021-04-28 23:58:46', '', NULL, '通知状态列表');
INSERT INTO `sys_dict_type` VALUES (9, '操作类型', 'sys_oper_type', '0', 'admin', '2021-04-28 23:58:46', '', NULL, '操作类型列表');
INSERT INTO `sys_dict_type` VALUES (10, '系统状态', 'sys_common_status', '0', 'admin', '2021-04-28 23:58:46', '', NULL, '登录状态列表');
INSERT INTO `sys_dict_type` VALUES (22, '通用状态', 'sys_status', '0', 'admin', '2021-04-28 23:58:46', '', NULL, '通用状态');
INSERT INTO `sys_dict_type` VALUES (23, '节点类型', 'fil_node_type', '0', 'admin', '2021-04-28 23:58:46', '', NULL, '节点类型');
INSERT INTO `sys_dict_type` VALUES (24, '用户收益类型', 'fil_user_revenue_type', '0', 'admin', '2021-04-28 23:58:46', '', NULL, NULL);
INSERT INTO `sys_dict_type` VALUES (25, '激活状态', 'sys_activate_status', '0', 'admin', '2021-04-28 23:58:46', '', NULL, NULL);
INSERT INTO `sys_dict_type` VALUES (26, '记录类型', 'fil_record_type', '0', 'admin', '2021-04-28 23:58:46', '', NULL, NULL);
INSERT INTO `sys_dict_type` VALUES (27, '记录状态', 'fil_record_status', '0', 'admin', '2021-04-28 23:58:46', '', NULL, NULL);
INSERT INTO `sys_dict_type` VALUES (28, '记录金额状态', 'fil_record_amount_type', '0', 'admin', '2021-04-28 23:58:46', '', NULL, NULL);
INSERT INTO `sys_dict_type` VALUES (29, '提现状态', 'fil_cash_status', '0', 'admin', '2021-04-28 23:58:46', '', NULL, NULL);
INSERT INTO `sys_dict_type` VALUES (30, '平台收益类型', 'fil_platform_revenue_type', '0', 'admin', '2021-04-28 23:58:46', '', NULL, NULL);

-- ----------------------------
-- Table structure for sys_file_info
-- ----------------------------
DROP TABLE IF EXISTS `sys_file_info`;
CREATE TABLE `sys_file_info`  (
  `file_id` int(11) NOT NULL AUTO_INCREMENT COMMENT '文件id',
  `file_name` varchar(50) CHARACTER SET utf8 COLLATE utf8_general_ci NULL DEFAULT '' COMMENT '文件名称',
  `file_path` varchar(255) CHARACTER SET utf8 COLLATE utf8_general_ci NULL DEFAULT '' COMMENT '文件路径',
  `type` int(10) NULL DEFAULT NULL COMMENT '数据功能来源 1复议申请图片',
  `business_id` bigint(20) NULL DEFAULT NULL COMMENT '业务系统ID',
  `status` char(1) CHARACTER SET utf8mb4 COLLATE utf8mb4_general_ci NULL DEFAULT '0' COMMENT '状态（0正常 1暂停）',
  `create_by` varchar(64) CHARACTER SET utf8mb4 COLLATE utf8mb4_general_ci NULL DEFAULT '' COMMENT '创建者',
  `create_time` datetime NULL DEFAULT NULL COMMENT '创建时间',
  `update_by` varchar(64) CHARACTER SET utf8mb4 COLLATE utf8mb4_general_ci NULL DEFAULT '' COMMENT '更新者',
  `update_time` datetime NULL DEFAULT NULL COMMENT '更新时间',
  `remark` varchar(500) CHARACTER SET utf8mb4 COLLATE utf8mb4_general_ci NULL DEFAULT '' COMMENT '备注信息',
  PRIMARY KEY (`file_id`) USING BTREE
) ENGINE = InnoDB AUTO_INCREMENT = 1 CHARACTER SET = utf8 COLLATE = utf8_general_ci COMMENT = '文件信息表' ROW_FORMAT = Dynamic;

-- ----------------------------
-- Records of sys_file_info
-- ----------------------------

-- ----------------------------
-- Table structure for sys_job
-- ----------------------------
DROP TABLE IF EXISTS `sys_job`;
CREATE TABLE `sys_job`  (
  `job_id` bigint(20) NOT NULL AUTO_INCREMENT COMMENT '任务ID',
  `job_name` varchar(64) CHARACTER SET utf8mb4 COLLATE utf8mb4_general_ci NOT NULL DEFAULT '' COMMENT '任务名称',
  `job_group` varchar(64) CHARACTER SET utf8mb4 COLLATE utf8mb4_general_ci NOT NULL DEFAULT 'DEFAULT' COMMENT '任务组名',
  `invoke_target` varchar(500) CHARACTER SET utf8mb4 COLLATE utf8mb4_general_ci NOT NULL COMMENT '调用目标字符串',
  `cron_expression` varchar(255) CHARACTER SET utf8mb4 COLLATE utf8mb4_general_ci NULL DEFAULT '' COMMENT 'cron执行表达式',
  `misfire_policy` varchar(20) CHARACTER SET utf8mb4 COLLATE utf8mb4_general_ci NULL DEFAULT '3' COMMENT '计划执行错误策略（1立即执行 2执行一次 3放弃执行）',
  `concurrent` char(1) CHARACTER SET utf8mb4 COLLATE utf8mb4_general_ci NULL DEFAULT '1' COMMENT '是否并发执行（0允许 1禁止）',
  `status` char(1) CHARACTER SET utf8mb4 COLLATE utf8mb4_general_ci NULL DEFAULT '0' COMMENT '状态（0正常 1暂停）',
  `create_by` varchar(64) CHARACTER SET utf8mb4 COLLATE utf8mb4_general_ci NULL DEFAULT '' COMMENT '创建者',
  `create_time` datetime NULL DEFAULT NULL COMMENT '创建时间',
  `update_by` varchar(64) CHARACTER SET utf8mb4 COLLATE utf8mb4_general_ci NULL DEFAULT '' COMMENT '更新者',
  `update_time` datetime NULL DEFAULT NULL COMMENT '更新时间',
  `remark` varchar(500) CHARACTER SET utf8mb4 COLLATE utf8mb4_general_ci NULL DEFAULT '' COMMENT '备注信息',
  PRIMARY KEY (`job_id`, `job_name`, `job_group`) USING BTREE
) ENGINE = InnoDB AUTO_INCREMENT = 4 CHARACTER SET = utf8mb4 COLLATE = utf8mb4_general_ci COMMENT = '定时任务调度表' ROW_FORMAT = Dynamic;

-- ----------------------------
-- Records of sys_job
-- ----------------------------
INSERT INTO `sys_job` VALUES (1, '系统默认（无参）', 'DEFAULT', 'ryTask.ryNoParams', '0/10 * * * * ?', '3', '1', '1', 'admin', '2021-04-28 23:58:46', '', NULL, '');
INSERT INTO `sys_job` VALUES (2, '系统默认（有参）', 'DEFAULT', 'ryTask.ryParams(\'ry\')', '0/15 * * * * ?', '3', '1', '1', 'admin', '2021-04-28 23:58:46', '', NULL, '');
INSERT INTO `sys_job` VALUES (3, '系统默认（多参）', 'DEFAULT', 'ryTask.ryMultipleParams(\'ry\', true, 2000L, 316.50D, 100)', '0/20 * * * * ?', '3', '1', '1', 'admin', '2021-04-28 23:58:46', '', NULL, '');

-- ----------------------------
-- Table structure for sys_job_log
-- ----------------------------
DROP TABLE IF EXISTS `sys_job_log`;
CREATE TABLE `sys_job_log`  (
  `job_log_id` bigint(20) NOT NULL AUTO_INCREMENT COMMENT '任务日志ID',
  `job_name` varchar(64) CHARACTER SET utf8mb4 COLLATE utf8mb4_general_ci NOT NULL COMMENT '任务名称',
  `job_group` varchar(64) CHARACTER SET utf8mb4 COLLATE utf8mb4_general_ci NOT NULL COMMENT '任务组名',
  `invoke_target` varchar(500) CHARACTER SET utf8mb4 COLLATE utf8mb4_general_ci NOT NULL COMMENT '调用目标字符串',
  `job_message` varchar(500) CHARACTER SET utf8mb4 COLLATE utf8mb4_general_ci NULL DEFAULT NULL COMMENT '日志信息',
  `status` char(1) CHARACTER SET utf8mb4 COLLATE utf8mb4_general_ci NULL DEFAULT '0' COMMENT '执行状态（0正常 1失败）',
  `exception_info` varchar(2000) CHARACTER SET utf8mb4 COLLATE utf8mb4_general_ci NULL DEFAULT '' COMMENT '异常信息',
  `create_time` datetime NULL DEFAULT NULL COMMENT '创建时间',
  PRIMARY KEY (`job_log_id`) USING BTREE
) ENGINE = InnoDB AUTO_INCREMENT = 1 CHARACTER SET = utf8mb4 COLLATE = utf8mb4_general_ci COMMENT = '定时任务调度日志表' ROW_FORMAT = Dynamic;

-- ----------------------------
-- Records of sys_job_log
-- ----------------------------

-- ----------------------------
-- Table structure for sys_logininfor
-- ----------------------------
DROP TABLE IF EXISTS `sys_logininfor`;
CREATE TABLE `sys_logininfor`  (
  `info_id` bigint(20) NOT NULL AUTO_INCREMENT COMMENT '访问ID',
  `user_name` varchar(50) CHARACTER SET utf8mb4 COLLATE utf8mb4_general_ci NULL DEFAULT '' COMMENT '用户账号',
  `ipaddr` varchar(128) CHARACTER SET utf8mb4 COLLATE utf8mb4_general_ci NULL DEFAULT '' COMMENT '登录IP地址',
  `login_location` varchar(255) CHARACTER SET utf8mb4 COLLATE utf8mb4_general_ci NULL DEFAULT '' COMMENT '登录地点',
  `browser` varchar(50) CHARACTER SET utf8mb4 COLLATE utf8mb4_general_ci NULL DEFAULT '' COMMENT '浏览器类型',
  `os` varchar(50) CHARACTER SET utf8mb4 COLLATE utf8mb4_general_ci NULL DEFAULT '' COMMENT '操作系统',
  `status` char(1) CHARACTER SET utf8mb4 COLLATE utf8mb4_general_ci NULL DEFAULT '0' COMMENT '登录状态（0成功 1失败）',
  `msg` varchar(255) CHARACTER SET utf8mb4 COLLATE utf8mb4_general_ci NULL DEFAULT '' COMMENT '提示消息',
  `login_time` datetime NULL DEFAULT NULL COMMENT '访问时间',
  PRIMARY KEY (`info_id`) USING BTREE
) ENGINE = InnoDB AUTO_INCREMENT = 1 CHARACTER SET = utf8mb4 COLLATE = utf8mb4_general_ci COMMENT = '系统访问记录' ROW_FORMAT = Dynamic;

-- ----------------------------
-- Records of sys_logininfor
-- ----------------------------

-- ----------------------------
-- Table structure for sys_menu
-- ----------------------------
DROP TABLE IF EXISTS `sys_menu`;
CREATE TABLE `sys_menu`  (
  `menu_id` bigint(20) NOT NULL AUTO_INCREMENT COMMENT '菜单ID',
  `menu_name` varchar(50) CHARACTER SET utf8mb4 COLLATE utf8mb4_general_ci NOT NULL COMMENT '菜单名称',
  `parent_id` bigint(20) NULL DEFAULT 0 COMMENT '父菜单ID',
  `order_num` int(4) NULL DEFAULT 0 COMMENT '显示顺序',
  `path` varchar(200) CHARACTER SET utf8mb4 COLLATE utf8mb4_general_ci NULL DEFAULT '' COMMENT '路由地址',
  `component` varchar(255) CHARACTER SET utf8mb4 COLLATE utf8mb4_general_ci NULL DEFAULT NULL COMMENT '组件路径',
  `is_frame` int(1) NULL DEFAULT 1 COMMENT '是否为外链（0是 1否）',
  `is_cache` int(1) NULL DEFAULT 0 COMMENT '是否缓存（0缓存 1不缓存）',
  `menu_type` char(1) CHARACTER SET utf8mb4 COLLATE utf8mb4_general_ci NULL DEFAULT '' COMMENT '菜单类型（M目录 C菜单 F按钮）',
  `visible` char(1) CHARACTER SET utf8mb4 COLLATE utf8mb4_general_ci NULL DEFAULT '0' COMMENT '菜单状态（0显示 1隐藏）',
  `status` char(1) CHARACTER SET utf8mb4 COLLATE utf8mb4_general_ci NULL DEFAULT '0' COMMENT '菜单状态（0正常 1停用）',
  `perms` varchar(100) CHARACTER SET utf8mb4 COLLATE utf8mb4_general_ci NULL DEFAULT NULL COMMENT '权限标识',
  `icon` varchar(100) CHARACTER SET utf8mb4 COLLATE utf8mb4_general_ci NULL DEFAULT '#' COMMENT '菜单图标',
  `create_by` varchar(64) CHARACTER SET utf8mb4 COLLATE utf8mb4_general_ci NULL DEFAULT '' COMMENT '创建者',
  `create_time` datetime NULL DEFAULT NULL COMMENT '创建时间',
  `update_by` varchar(64) CHARACTER SET utf8mb4 COLLATE utf8mb4_general_ci NULL DEFAULT '' COMMENT '更新者',
  `update_time` datetime NULL DEFAULT NULL COMMENT '更新时间',
  `remark` varchar(500) CHARACTER SET utf8mb4 COLLATE utf8mb4_general_ci NULL DEFAULT '' COMMENT '备注',
  PRIMARY KEY (`menu_id`) USING BTREE
) ENGINE = InnoDB AUTO_INCREMENT = 1095 CHARACTER SET = utf8mb4 COLLATE = utf8mb4_general_ci COMMENT = '菜单权限表' ROW_FORMAT = Dynamic;

-- ----------------------------
-- Records of sys_menu
-- ----------------------------
INSERT INTO `sys_menu` VALUES (1, '系统管理', 0, 1, 'system', NULL, 1, 0, 'M', '0', '0', '', 'system', 'admin', '2021-04-28 23:58:46', '', NULL, '系统管理目录');
INSERT INTO `sys_menu` VALUES (2, '系统监控', 0, 2, 'monitor', NULL, 1, 0, 'M', '1', '0', '', 'monitor', 'admin', '2021-04-28 23:58:46', '', NULL, '系统监控目录');
INSERT INTO `sys_menu` VALUES (3, '系统工具', 0, 3, 'tool', NULL, 1, 0, 'M', '1', '0', '', 'tool', 'admin', '2021-04-28 23:58:46', '', NULL, '系统工具目录');
INSERT INTO `sys_menu` VALUES (100, '用户管理', 1, 1, 'user', 'system/user/index', 1, 0, 'C', '0', '0', 'system:user:list', 'user', 'admin', '2021-04-28 23:58:46', '', NULL, '用户管理菜单');
INSERT INTO `sys_menu` VALUES (101, '角色管理', 1, 2, 'role', 'system/role/index', 1, 0, 'C', '0', '0', 'system:role:list', 'peoples', 'admin', '2021-04-28 23:58:46', '', NULL, '角色管理菜单');
INSERT INTO `sys_menu` VALUES (102, '菜单管理', 1, 3, 'menu', 'system/menu/index', 1, 0, 'C', '0', '0', 'system:menu:list', 'tree-table', 'admin', '2021-04-28 23:58:46', '', NULL, '菜单管理菜单');
INSERT INTO `sys_menu` VALUES (103, '部门管理', 1, 4, 'dept', 'system/dept/index', 1, 0, 'C', '0', '0', 'system:dept:list', 'tree', 'admin', '2021-04-28 23:58:46', '', NULL, '部门管理菜单');
INSERT INTO `sys_menu` VALUES (104, '岗位管理', 1, 5, 'post', 'system/post/index', 1, 0, 'C', '0', '0', 'system:post:list', 'post', 'admin', '2021-04-28 23:58:46', '', NULL, '岗位管理菜单');
INSERT INTO `sys_menu` VALUES (105, '字典管理', 1, 6, 'dict', 'system/dict/index', 1, 0, 'C', '0', '0', 'system:dict:list', 'dict', 'admin', '2021-04-28 23:58:46', '', NULL, '字典管理菜单');
INSERT INTO `sys_menu` VALUES (106, '参数设置', 1, 7, 'config', 'system/config/index', 1, 0, 'C', '1', '1', 'system:config:list', 'edit', 'admin', '2021-04-28 23:58:46', '', NULL, '参数设置菜单');
INSERT INTO `sys_menu` VALUES (107, '通知公告', 1088, 8, 'notice', 'system/notice/index', 1, 0, 'C', '0', '0', 'system:notice:list', 'message', 'admin', '2021-04-28 23:58:46', '', NULL, '通知公告菜单');
INSERT INTO `sys_menu` VALUES (108, '日志管理', 1, 9, 'log', '', 1, 0, 'M', '0', '0', '', 'log', 'admin', '2021-04-28 23:58:46', '', NULL, '日志管理菜单');
INSERT INTO `sys_menu` VALUES (109, '在线用户', 2, 1, 'online', 'monitor/online/index', 1, 0, 'C', '0', '0', 'monitor:online:list', 'online', 'admin', '2021-04-28 23:58:46', '', NULL, '在线用户菜单');
INSERT INTO `sys_menu` VALUES (110, '定时任务', 2, 2, 'job', 'monitor/job/index', 1, 0, 'C', '0', '0', 'monitor:job:list', 'job', 'admin', '2021-04-28 23:58:46', '', NULL, '定时任务菜单');
INSERT INTO `sys_menu` VALUES (111, '数据监控', 2, 3, 'druid', 'monitor/druid/index', 1, 0, 'C', '0', '0', 'monitor:druid:list', 'druid', 'admin', '2021-04-28 23:58:46', '', NULL, '数据监控菜单');
INSERT INTO `sys_menu` VALUES (112, '服务监控', 2, 4, 'server', 'monitor/server/index', 1, 0, 'C', '0', '0', 'monitor:server:list', 'server', 'admin', '2021-04-28 23:58:46', '', NULL, '服务监控菜单');
INSERT INTO `sys_menu` VALUES (113, '缓存监控', 2, 5, 'cache', 'monitor/cache/index', 1, 0, 'C', '0', '0', 'monitor:cache:list', 'redis', 'admin', '2021-04-28 23:58:46', '', NULL, '缓存监控菜单');
INSERT INTO `sys_menu` VALUES (114, '表单构建', 3, 1, 'build', 'tool/build/index', 1, 0, 'C', '0', '0', 'tool:build:list', 'build', 'admin', '2021-04-28 23:58:46', '', NULL, '表单构建菜单');
INSERT INTO `sys_menu` VALUES (115, '代码生成', 3, 2, 'gen', 'tool/gen/index', 1, 0, 'C', '0', '0', 'tool:gen:list', 'code', 'admin', '2021-04-28 23:58:46', '', NULL, '代码生成菜单');
INSERT INTO `sys_menu` VALUES (116, '系统接口', 3, 3, 'swagger', 'tool/swagger/index', 1, 0, 'C', '0', '0', 'tool:swagger:list', 'swagger', 'admin', '2021-04-28 23:58:46', '', NULL, '系统接口菜单');
INSERT INTO `sys_menu` VALUES (500, '操作日志', 108, 1, 'operlog', 'monitor/operlog/index', 1, 0, 'C', '0', '0', 'monitor:operlog:list', 'form', 'admin', '2021-04-28 23:58:46', '', NULL, '操作日志菜单');
INSERT INTO `sys_menu` VALUES (501, '登录日志', 108, 2, 'logininfor', 'monitor/logininfor/index', 1, 0, 'C', '0', '0', 'monitor:logininfor:list', 'logininfor', 'admin', '2021-04-28 23:58:46', '', NULL, '登录日志菜单');
INSERT INTO `sys_menu` VALUES (1001, '用户查询', 100, 1, '', '', 1, 0, 'F', '0', '0', 'system:user:query', '#', 'admin', '2021-04-28 23:58:46', '', NULL, '');
INSERT INTO `sys_menu` VALUES (1002, '用户新增', 100, 2, '', '', 1, 0, 'F', '0', '0', 'system:user:add', '#', 'admin', '2021-04-28 23:58:46', '', NULL, '');
INSERT INTO `sys_menu` VALUES (1003, '用户修改', 100, 3, '', '', 1, 0, 'F', '0', '0', 'system:user:edit', '#', 'admin', '2021-04-28 23:58:46', '', NULL, '');
INSERT INTO `sys_menu` VALUES (1004, '用户删除', 100, 4, '', '', 1, 0, 'F', '0', '0', 'system:user:remove', '#', 'admin', '2021-04-28 23:58:46', '', NULL, '');
INSERT INTO `sys_menu` VALUES (1005, '用户导出', 100, 5, '', '', 1, 0, 'F', '0', '0', 'system:user:export', '#', 'admin', '2021-04-28 23:58:46', '', NULL, '');
INSERT INTO `sys_menu` VALUES (1006, '用户导入', 100, 6, '', '', 1, 0, 'F', '0', '0', 'system:user:import', '#', 'admin', '2021-04-28 23:58:46', '', NULL, '');
INSERT INTO `sys_menu` VALUES (1007, '重置密码', 100, 7, '', '', 1, 0, 'F', '0', '0', 'system:user:resetPwd', '#', 'admin', '2021-04-28 23:58:46', '', NULL, '');
INSERT INTO `sys_menu` VALUES (1008, '角色查询', 101, 1, '', '', 1, 0, 'F', '0', '0', 'system:role:query', '#', 'admin', '2021-04-28 23:58:46', '', NULL, '');
INSERT INTO `sys_menu` VALUES (1009, '角色新增', 101, 2, '', '', 1, 0, 'F', '0', '0', 'system:role:add', '#', 'admin', '2021-04-28 23:58:46', '', NULL, '');
INSERT INTO `sys_menu` VALUES (1010, '角色修改', 101, 3, '', '', 1, 0, 'F', '0', '0', 'system:role:edit', '#', 'admin', '2021-04-28 23:58:46', '', NULL, '');
INSERT INTO `sys_menu` VALUES (1011, '角色删除', 101, 4, '', '', 1, 0, 'F', '0', '0', 'system:role:remove', '#', 'admin', '2021-04-28 23:58:46', '', NULL, '');
INSERT INTO `sys_menu` VALUES (1012, '角色导出', 101, 5, '', '', 1, 0, 'F', '0', '0', 'system:role:export', '#', 'admin', '2021-04-28 23:58:46', '', NULL, '');
INSERT INTO `sys_menu` VALUES (1013, '菜单查询', 102, 1, '', '', 1, 0, 'F', '0', '0', 'system:menu:query', '#', 'admin', '2021-04-28 23:58:46', '', NULL, '');
INSERT INTO `sys_menu` VALUES (1014, '菜单新增', 102, 2, '', '', 1, 0, 'F', '0', '0', 'system:menu:add', '#', 'admin', '2021-04-28 23:58:46', '', NULL, '');
INSERT INTO `sys_menu` VALUES (1015, '菜单修改', 102, 3, '', '', 1, 0, 'F', '0', '0', 'system:menu:edit', '#', 'admin', '2021-04-28 23:58:46', '', NULL, '');
INSERT INTO `sys_menu` VALUES (1016, '菜单删除', 102, 4, '', '', 1, 0, 'F', '0', '0', 'system:menu:remove', '#', 'admin', '2021-04-28 23:58:46', '', NULL, '');
INSERT INTO `sys_menu` VALUES (1017, '部门查询', 103, 1, '', '', 1, 0, 'F', '0', '0', 'system:dept:query', '#', 'admin', '2021-04-28 23:58:46', '', NULL, '');
INSERT INTO `sys_menu` VALUES (1018, '部门新增', 103, 2, '', '', 1, 0, 'F', '0', '0', 'system:dept:add', '#', 'admin', '2021-04-28 23:58:46', '', NULL, '');
INSERT INTO `sys_menu` VALUES (1019, '部门修改', 103, 3, '', '', 1, 0, 'F', '0', '0', 'system:dept:edit', '#', 'admin', '2021-04-28 23:58:46', '', NULL, '');
INSERT INTO `sys_menu` VALUES (1020, '部门删除', 103, 4, '', '', 1, 0, 'F', '0', '0', 'system:dept:remove', '#', 'admin', '2021-04-28 23:58:46', '', NULL, '');
INSERT INTO `sys_menu` VALUES (1021, '岗位查询', 104, 1, '', '', 1, 0, 'F', '0', '0', 'system:post:query', '#', 'admin', '2021-04-28 23:58:46', '', NULL, '');
INSERT INTO `sys_menu` VALUES (1022, '岗位新增', 104, 2, '', '', 1, 0, 'F', '0', '0', 'system:post:add', '#', 'admin', '2021-04-28 23:58:46', '', NULL, '');
INSERT INTO `sys_menu` VALUES (1023, '岗位修改', 104, 3, '', '', 1, 0, 'F', '0', '0', 'system:post:edit', '#', 'admin', '2021-04-28 23:58:46', '', NULL, '');
INSERT INTO `sys_menu` VALUES (1024, '岗位删除', 104, 4, '', '', 1, 0, 'F', '0', '0', 'system:post:remove', '#', 'admin', '2021-04-28 23:58:46', '', NULL, '');
INSERT INTO `sys_menu` VALUES (1025, '岗位导出', 104, 5, '', '', 1, 0, 'F', '0', '0', 'system:post:export', '#', 'admin', '2021-04-28 23:58:46', '', NULL, '');
INSERT INTO `sys_menu` VALUES (1026, '字典查询', 105, 1, '#', '', 1, 0, 'F', '0', '0', 'system:dict:query', '#', 'admin', '2021-04-28 23:58:46', '', NULL, '');
INSERT INTO `sys_menu` VALUES (1027, '字典新增', 105, 2, '#', '', 1, 0, 'F', '0', '0', 'system:dict:add', '#', 'admin', '2021-04-28 23:58:46', '', NULL, '');
INSERT INTO `sys_menu` VALUES (1028, '字典修改', 105, 3, '#', '', 1, 0, 'F', '0', '0', 'system:dict:edit', '#', 'admin', '2021-04-28 23:58:46', '', NULL, '');
INSERT INTO `sys_menu` VALUES (1029, '字典删除', 105, 4, '#', '', 1, 0, 'F', '0', '0', 'system:dict:remove', '#', 'admin', '2021-04-28 23:58:46', '', NULL, '');
INSERT INTO `sys_menu` VALUES (1030, '字典导出', 105, 5, '#', '', 1, 0, 'F', '0', '0', 'system:dict:export', '#', 'admin', '2021-04-28 23:58:46', '', NULL, '');
INSERT INTO `sys_menu` VALUES (1031, '参数查询', 106, 1, '#', '', 1, 0, 'F', '0', '0', 'system:config:query', '#', 'admin', '2021-04-28 23:58:46', '', NULL, '');
INSERT INTO `sys_menu` VALUES (1032, '参数新增', 106, 2, '#', '', 1, 0, 'F', '0', '0', 'system:config:add', '#', 'admin', '2021-04-28 23:58:46', '', NULL, '');
INSERT INTO `sys_menu` VALUES (1033, '参数修改', 106, 3, '#', '', 1, 0, 'F', '0', '0', 'system:config:edit', '#', 'admin', '2021-04-28 23:58:46', '', NULL, '');
INSERT INTO `sys_menu` VALUES (1034, '参数删除', 106, 4, '#', '', 1, 0, 'F', '0', '0', 'system:config:remove', '#', 'admin', '2021-04-28 23:58:46', '', NULL, '');
INSERT INTO `sys_menu` VALUES (1035, '参数导出', 106, 5, '#', '', 1, 0, 'F', '0', '0', 'system:config:export', '#', 'admin', '2021-04-28 23:58:46', '', NULL, '');
INSERT INTO `sys_menu` VALUES (1036, '公告查询', 107, 1, '#', '', 1, 0, 'F', '0', '0', 'system:notice:query', '#', 'admin', '2021-04-28 23:58:46', '', NULL, '');
INSERT INTO `sys_menu` VALUES (1037, '公告新增', 107, 2, '#', '', 1, 0, 'F', '0', '0', 'system:notice:add', '#', 'admin', '2021-04-28 23:58:46', '', NULL, '');
INSERT INTO `sys_menu` VALUES (1038, '公告修改', 107, 3, '#', '', 1, 0, 'F', '0', '0', 'system:notice:edit', '#', 'admin', '2021-04-28 23:58:46', '', NULL, '');
INSERT INTO `sys_menu` VALUES (1039, '公告删除', 107, 4, '#', '', 1, 0, 'F', '0', '0', 'system:notice:remove', '#', 'admin', '2021-04-28 23:58:46', '', NULL, '');
INSERT INTO `sys_menu` VALUES (1040, '操作查询', 500, 1, '#', '', 1, 0, 'F', '0', '0', 'monitor:operlog:query', '#', 'admin', '2021-04-28 23:58:46', '', NULL, '');
INSERT INTO `sys_menu` VALUES (1041, '操作删除', 500, 2, '#', '', 1, 0, 'F', '0', '0', 'monitor:operlog:remove', '#', 'admin', '2021-04-28 23:58:46', '', NULL, '');
INSERT INTO `sys_menu` VALUES (1042, '日志导出', 500, 4, '#', '', 1, 0, 'F', '0', '0', 'monitor:operlog:export', '#', 'admin', '2021-04-28 23:58:46', '', NULL, '');
INSERT INTO `sys_menu` VALUES (1043, '登录查询', 501, 1, '#', '', 1, 0, 'F', '0', '0', 'monitor:logininfor:query', '#', 'admin', '2021-04-28 23:58:46', '', NULL, '');
INSERT INTO `sys_menu` VALUES (1044, '登录删除', 501, 2, '#', '', 1, 0, 'F', '0', '0', 'monitor:logininfor:remove', '#', 'admin', '2021-04-28 23:58:46', '', NULL, '');
INSERT INTO `sys_menu` VALUES (1045, '日志导出', 501, 3, '#', '', 1, 0, 'F', '0', '0', 'monitor:logininfor:export', '#', 'admin', '2021-04-28 23:58:46', '', NULL, '');
INSERT INTO `sys_menu` VALUES (1046, '在线查询', 109, 1, '#', '', 1, 0, 'F', '0', '0', 'monitor:online:query', '#', 'admin', '2021-04-28 23:58:46', '', NULL, '');
INSERT INTO `sys_menu` VALUES (1047, '批量强退', 109, 2, '#', '', 1, 0, 'F', '0', '0', 'monitor:online:batchLogout', '#', 'admin', '2021-04-28 23:58:46', '', NULL, '');
INSERT INTO `sys_menu` VALUES (1048, '单条强退', 109, 3, '#', '', 1, 0, 'F', '0', '0', 'monitor:online:forceLogout', '#', 'admin', '2021-04-28 23:58:46', '', NULL, '');
INSERT INTO `sys_menu` VALUES (1049, '任务查询', 110, 1, '#', '', 1, 0, 'F', '0', '0', 'monitor:job:query', '#', 'admin', '2021-04-28 23:58:46', '', NULL, '');
INSERT INTO `sys_menu` VALUES (1050, '任务新增', 110, 2, '#', '', 1, 0, 'F', '0', '0', 'monitor:job:add', '#', 'admin', '2021-04-28 23:58:46', '', NULL, '');
INSERT INTO `sys_menu` VALUES (1051, '任务修改', 110, 3, '#', '', 1, 0, 'F', '0', '0', 'monitor:job:edit', '#', 'admin', '2021-04-28 23:58:46', '', NULL, '');
INSERT INTO `sys_menu` VALUES (1052, '任务删除', 110, 4, '#', '', 1, 0, 'F', '0', '0', 'monitor:job:remove', '#', 'admin', '2021-04-28 23:58:46', '', NULL, '');
INSERT INTO `sys_menu` VALUES (1053, '状态修改', 110, 5, '#', '', 1, 0, 'F', '0', '0', 'monitor:job:changeStatus', '#', 'admin', '2021-04-28 23:58:46', '', NULL, '');
INSERT INTO `sys_menu` VALUES (1054, '任务导出', 110, 7, '#', '', 1, 0, 'F', '0', '0', 'monitor:job:export', '#', 'admin', '2021-04-28 23:58:46', '', NULL, '');
INSERT INTO `sys_menu` VALUES (1055, '生成查询', 115, 1, '#', '', 1, 0, 'F', '0', '0', 'tool:gen:query', '#', 'admin', '2021-04-28 23:58:46', '', NULL, '');
INSERT INTO `sys_menu` VALUES (1056, '生成修改', 115, 2, '#', '', 1, 0, 'F', '0', '0', 'tool:gen:edit', '#', 'admin', '2021-04-28 23:58:46', '', NULL, '');
INSERT INTO `sys_menu` VALUES (1057, '生成删除', 115, 3, '#', '', 1, 0, 'F', '0', '0', 'tool:gen:remove', '#', 'admin', '2021-04-28 23:58:46', '', NULL, '');
INSERT INTO `sys_menu` VALUES (1058, '导入代码', 115, 2, '#', '', 1, 0, 'F', '0', '0', 'tool:gen:import', '#', 'admin', '2021-04-28 23:58:46', '', NULL, '');
INSERT INTO `sys_menu` VALUES (1059, '预览代码', 115, 4, '#', '', 1, 0, 'F', '0', '0', 'tool:gen:preview', '#', 'admin', '2021-04-28 23:58:46', '', NULL, '');
INSERT INTO `sys_menu` VALUES (1060, '生成代码', 115, 5, '#', '', 1, 0, 'F', '0', '0', 'tool:gen:code', '#', 'admin', '2021-04-28 23:58:46', '', NULL, '');
INSERT INTO `sys_menu` VALUES (1061, 'Fil管理', 0, 4, 'fil', NULL, 1, 0, 'M', '0', '0', NULL, 'list', 'admin', '2021-04-28 23:58:46', '', NULL, '');
INSERT INTO `sys_menu` VALUES (1062, '节点管理', 1088, 1, 'node', 'fil/node/index', 1, 0, 'C', '0', '0', 'fil:node:list', 'list', 'admin', '2021-04-28 23:58:46', '', NULL, '节点菜单');
INSERT INTO `sys_menu` VALUES (1063, '节点查询', 1062, 1, '#', '', 1, 0, 'F', '0', '0', 'fil:node:query', '#', 'admin', '2021-04-28 23:58:46', '', NULL, '');
INSERT INTO `sys_menu` VALUES (1064, '节点新增', 1062, 2, '#', '', 1, 0, 'F', '0', '0', 'fil:node:add', '#', 'admin', '2021-04-28 23:58:46', '', NULL, '');
INSERT INTO `sys_menu` VALUES (1065, '节点修改', 1062, 3, '#', '', 1, 0, 'F', '0', '0', 'fil:node:edit', '#', 'admin', '2021-04-28 23:58:46', '', NULL, '');
INSERT INTO `sys_menu` VALUES (1066, '节点删除', 1062, 4, '#', '', 1, 0, 'F', '0', '0', 'fil:node:remove', '#', 'admin', '2021-04-28 23:58:46', '', NULL, '');
INSERT INTO `sys_menu` VALUES (1067, '复投配置', 1088, 1, 'investConfig', 'fil/investConfig/index', 1, 0, 'C', '0', '0', 'fil:investConfig:list', 'list', 'admin', '2021-04-28 23:58:46', '', NULL, '复投配置菜单');
INSERT INTO `sys_menu` VALUES (1068, '复投配置查询', 1067, 1, '#', '', 1, 0, 'F', '0', '0', 'fil:investConfig:query', '#', 'admin', '2021-04-28 23:58:46', '', NULL, '');
INSERT INTO `sys_menu` VALUES (1069, '复投配置新增', 1067, 2, '#', '', 1, 0, 'F', '0', '0', 'fil:investConfig:add', '#', 'admin', '2021-04-28 23:58:46', '', NULL, '');
INSERT INTO `sys_menu` VALUES (1070, '复投配置修改', 1067, 3, '#', '', 1, 0, 'F', '0', '0', 'fil:investConfig:edit', '#', 'admin', '2021-04-28 23:58:46', '', NULL, '');
INSERT INTO `sys_menu` VALUES (1071, '复投配置删除', 1067, 4, '#', '', 1, 0, 'F', '0', '0', 'fil:investConfig:remove', '#', 'admin', '2021-04-28 23:58:46', '', NULL, '');
INSERT INTO `sys_menu` VALUES (1074, '用户管理', 1061, 1, 'filUser', 'fil/filUser/index', 1, 0, 'C', '0', '0', 'fil:filUser:list', 'list', 'admin', '2021-04-28 23:58:46', '', NULL, '用户菜单');
INSERT INTO `sys_menu` VALUES (1075, '用户查询', 1074, 1, '#', '', 1, 0, 'F', '0', '0', 'fil:filUser:query', '#', 'admin', '2021-04-28 23:58:46', '', NULL, '');
INSERT INTO `sys_menu` VALUES (1076, '投入记录', 1061, 2, 'investLog', 'fil/investLog/index', 1, 0, 'C', '0', '0', 'fil:investLog:list', 'list', 'admin', '2021-04-28 23:58:46', '', NULL, '投入记录菜单');
INSERT INTO `sys_menu` VALUES (1077, '投入记录查询', 1076, 1, '#', '', 1, 0, 'F', '0', '0', 'fil:investLog:query', '#', 'admin', '2021-04-28 23:58:46', '', NULL, '');
INSERT INTO `sys_menu` VALUES (1078, '平台收入', 1061, 4, 'platformRevenue', 'fil/platformRevenue/index', 1, 0, 'C', '0', '0', 'fil:platformRevenue:list', 'list', 'admin', '2021-04-28 23:58:46', '', NULL, '平台收入菜单');
INSERT INTO `sys_menu` VALUES (1079, '平台收入查询', 1078, 1, '#', '', 1, 0, 'F', '0', '0', 'fil:platformRevenue:query', '#', 'admin', '2021-04-28 23:58:46', '', NULL, '');
INSERT INTO `sys_menu` VALUES (1080, '平台收入新增', 1078, 2, '#', '', 1, 0, 'F', '0', '0', 'fil:platformRevenue:add', '#', 'admin', '2021-04-28 23:58:46', '', NULL, '');
INSERT INTO `sys_menu` VALUES (1081, '用户收益记录', 1061, 3, 'userRevenue', 'fil/userRevenue/index', 1, 0, 'C', '0', '0', 'fil:userRevenue:list', 'list', 'admin', '2021-04-28 23:58:46', '', NULL, '用户收益菜单');
INSERT INTO `sys_menu` VALUES (1082, '用户收益查询', 1081, 1, '#', '', 1, 0, 'F', '0', '0', 'fil:userRevenue:query', '#', 'admin', '2021-04-28 23:58:46', '', NULL, '');
INSERT INTO `sys_menu` VALUES (1083, '动态比例配置', 1088, 1, 'dynamicConfig', 'fil/dynamicConfig/index', 1, 0, 'C', '0', '0', 'fil:dynamicConfig:list', 'list', 'admin', '2021-04-28 23:58:46', '', NULL, '动态比例配置菜单');
INSERT INTO `sys_menu` VALUES (1084, '动态比例配置查询', 1083, 1, '#', '', 1, 0, 'F', '0', '0', 'fil:dynamicConfig:query', '#', 'admin', '2021-04-28 23:58:46', '', NULL, '');
INSERT INTO `sys_menu` VALUES (1085, '动态比例配置新增', 1083, 2, '#', '', 1, 0, 'F', '0', '0', 'fil:dynamicConfig:add', '#', 'admin', '2021-04-28 23:58:46', '', NULL, '');
INSERT INTO `sys_menu` VALUES (1086, '动态比例配置修改', 1083, 3, '#', '', 1, 0, 'F', '0', '0', 'fil:dynamicConfig:edit', '#', 'admin', '2021-04-28 23:58:46', '', NULL, '');
INSERT INTO `sys_menu` VALUES (1087, '动态比例配置删除', 1083, 4, '#', '', 1, 0, 'F', '0', '0', 'fil:dynamicConfig:remove', '#', 'admin', '2021-04-28 23:58:46', '', NULL, '');
INSERT INTO `sys_menu` VALUES (1088, 'Fil配置', 0, 5, 'config', NULL, 1, 0, 'M', '0', '0', '', 'list', 'admin', '2021-04-28 23:58:46', '', NULL, '');
INSERT INTO `sys_menu` VALUES (1091, '节点申购订单', 1061, 6, 'applyNode', 'fil/applyNode/index', 1, 0, 'C', '0', '0', 'fil:applyNode:list', 'list', 'admin', '2021-04-28 23:58:46', '', NULL, '节点申购订单菜单');
INSERT INTO `sys_menu` VALUES (1092, '节点申购订单查询', 1091, 1, '#', '', 1, 0, 'F', '0', '0', 'fil:applyNode:query', '#', 'admin', '2021-04-28 23:58:46', '', NULL, '');
INSERT INTO `sys_menu` VALUES (1093, '提现记录', 1061, 5, 'withdrawRecord', 'fil/withdrawRecord/index', 1, 0, 'C', '0', '0', 'fil:withdrawRecord:list', 'list', 'admin', '2021-04-28 23:58:46', '', NULL, '提现记录菜单');
INSERT INTO `sys_menu` VALUES (1094, '提现记录查询', 1093, 1, '#', '', 1, 0, 'F', '0', '0', 'fil:withdrawRecord:query', '#', 'admin', '2021-04-28 23:58:46', '', NULL, '');

-- ----------------------------
-- Table structure for sys_notice
-- ----------------------------
DROP TABLE IF EXISTS `sys_notice`;
CREATE TABLE `sys_notice`  (
  `notice_id` int(4) NOT NULL AUTO_INCREMENT COMMENT '公告ID',
  `notice_title` varchar(255) CHARACTER SET utf8mb4 COLLATE utf8mb4_general_ci NOT NULL COMMENT '公告标题',
  `english_title` varchar(255) CHARACTER SET utf8mb4 COLLATE utf8mb4_general_ci NULL DEFAULT NULL COMMENT '英文标题',
  `notice_type` char(1) CHARACTER SET utf8mb4 COLLATE utf8mb4_general_ci NOT NULL COMMENT '公告类型（1通知 2公告）',
  `notice_content` longblob NULL COMMENT '公告内容',
  `english_content` longblob NULL COMMENT '公告英文',
  `status` char(1) CHARACTER SET utf8mb4 COLLATE utf8mb4_general_ci NULL DEFAULT '0' COMMENT '公告状态（0正常 1关闭）',
  `create_by` varchar(64) CHARACTER SET utf8mb4 COLLATE utf8mb4_general_ci NULL DEFAULT '' COMMENT '创建者',
  `create_time` datetime NULL DEFAULT NULL COMMENT '创建时间',
  `update_by` varchar(64) CHARACTER SET utf8mb4 COLLATE utf8mb4_general_ci NULL DEFAULT '' COMMENT '更新者',
  `update_time` datetime NULL DEFAULT NULL COMMENT '更新时间',
  `remark` varchar(255) CHARACTER SET utf8mb4 COLLATE utf8mb4_general_ci NULL DEFAULT NULL COMMENT '备注',
  PRIMARY KEY (`notice_id`) USING BTREE
) ENGINE = InnoDB AUTO_INCREMENT = 4 CHARACTER SET = utf8mb4 COLLATE = utf8mb4_general_ci COMMENT = '通知公告表' ROW_FORMAT = Dynamic;

-- ----------------------------
-- Records of sys_notice
-- ----------------------------
INSERT INTO `sys_notice` VALUES (3, 'Fil gold ore亚太社区社群的伙伴们', 'Fil gold ore partners in the Asia Pacific community community', '2', 0x3C7020636C6173733D22716C2D616C69676E2D63656E746572223E3C7370616E207374796C653D22636F6C6F723A20726762283235352C203235352C20323535293B206261636B67726F756E642D636F6C6F723A2072676228302C20302C2030293B223E46696C20676F6C64206F7265E4BA9AE5A4AAE7A4BEE58CBAE7A4BEE7BEA4E79A84E4BC99E4BCB4E4BBAC3C2F7370616E3E3C2F703E3C7020636C6173733D22716C2D616C69676E2D63656E746572223E3C62723E3C2F703E3C703E3C7370616E207374796C653D22636F6C6F723A20726762283235352C203235352C20323535293B206261636B67726F756E642D636F6C6F723A2072676228302C20302C2030293B223EE5A4A7E5AEB6E5A5BDEFBC81E4B8BAE4BF9DE68C8146696C20676F6C64206F7265E783ADE5BAA6E4B88EE585B1E8AF86E5928CE7A4BEE58CBAE9A286E5AFBCE4BABAE79A84E4BB98E587BAE794A8E5BF83E698AFE58886E4B88DE5BC80E79A84EFBC8CE4B8BAE59B9EE9A688E585A8E58A9BE5A594E8B5B4E4B880E7BABFE79A84E7A4BEE58CBAE9A286E5AFBCE4BABAE4BBACEFBC8C46696C20676F6C64206F7265E5BC80E58F91E88085E789B9E68BBFE587BAE58D81E5908DE5B08FE88A82E782B9E7BB99E4BA88E4BBA5E4B88BE8BEBEE6A087E79A84E7A4BEE58CBAE9A286E5AFBCE4BABAE5A596E58AB1E380823C2F7370616E3E3C2F703E3C703E3C62723E3C2F703E3C703E3C7370616E207374796C653D22636F6C6F723A20726762283235352C203235352C20323535293B206261636B67726F756E642D636F6C6F723A2072676228302C20302C2030293B223EE5A596E58AB1E697B6E997B43C2F7370616E3E3C2F703E3C703E3C7370616E207374796C653D22636F6C6F723A20726762283235352C203235352C20323535293B206261636B67726F756E642D636F6C6F723A2072676228302C20302C2030293B223EE887AA32303231E5B9B43131E69C8831E697A5E8B5B7E887B332303231E5B9B43132E69C8831E697A5E6ADA2E380823C2F7370616E3E3C2F703E3C703E3C62723E3C2F703E3C703E3C7370616E207374796C653D22636F6C6F723A20726762283235352C203235352C20323535293B206261636B67726F756E642D636F6C6F723A2072676228302C20302C2030293B223EE5A596E58AB1E5AFB9E8B1A13C2F7370616E3E3C2F703E3C703E3C7370616E207374796C653D22636F6C6F723A20726762283235352C203235352C20323535293B206261636B67726F756E642D636F6C6F723A2072676228302C20302C2030293B223EE99288E5AFB9E585A8E58A9BE5A594E8B5B4E5B882E59CBAE79A84E9A286E5AFBCE4BABAE79BB4E68EA83330E4BD8DE4BC99E4BCB4E68890E59198EFBC8C3330E4BD8DE4BC99E4BCB4E68890E59198E4B98BE4B8ADE5B9B6E5ADB5E58C96E59FB9E882B235E4BD8DE6A0B8E5BF83E58886E7A4BEE58CBAE9A286E5AFBCE4BABAEFBC8CEFBC88E58886E7A4BEE58CBAE9A286E5AFBCE4BABAE99C80E8A681E79BB4E68EA83130E4BD8DE4BC99E4BCB4E68890E59198EFBC89E5A596E58AB1E5B08FE88A82E782B9E4B880E5908DE380823C2F7370616E3E3C2F703E3C703E3C62723E3C2F703E3C703E3C7370616E207374796C653D22636F6C6F723A20726762283235352C203235352C20323535293B206261636B67726F756E642D636F6C6F723A2072676228302C20302C2030293B223EE4B89AE7BBA9E8BEBEE6A087E58F8DE9A688E696B9E6A1883A3C2F7370616E3E3C2F703E3C703E3C7370616E207374796C653D22636F6C6F723A20726762283235352C203235352C20323535293B206261636B67726F756E642D636F6C6F723A2072676228302C20302C2030293B223EE587ADE79BB4E68EA8E68A95E585A5E688AAE59BBEE68F90E4BAA4E588B0E887AAE5B7B1E4B88AE7A4BEE58CBAE9A286E5AFBCE4BABAEFBC88E5B182E5B182E68F90E4BAA4EFBC89E5BC80E58F91E88085E69FA5E99885E794B3E6A0B8E697A0E8AFAFE5B9B6E7BB99E4BA88E58591E78EB0E5A596E58AB1E5B08FE88A82E782B931E5908DE380823C2F7370616E3E3C2F703E3C703E3C62723E3C2F703E3C703E3C7370616E207374796C653D22636F6C6F723A20726762283235352C203235352C20323535293B206261636B67726F756E642D636F6C6F723A2072676228302C20302C2030293B223EE8AFB4E6988E3A20E5B08FE88A82E782B9E4BAABE58F9746696C20676F6C64206F7265E585A8E7BD91E58886E7BAA2EFBC8CE68980E69C89E68A95E585A5E58F8AE5A48DE68A95E983BDE4BC9AE88EB7E5BE97E5AFB9E5BA94E79A84E58886E7BAA2EFBC813C2F7370616E3E3C2F703E3C703E3C62723E3C2F703E3C703E3C7370616E207374796C653D22636F6C6F723A20726762283235352C203235352C20323535293B206261636B67726F756E642D636F6C6F723A2072676228302C20302C2030293B223EE5B08FE88A82E782B9E8AFA6E68385E58FAFE8A78144415050E88A82E782B9E6A08FE6988EE7BB86E69FA5E998853C2F7370616E3E3C2F703E, 0x3C7020636C6173733D22716C2D616C69676E2D63656E746572223E3C7370616E207374796C653D22636F6C6F723A20726762283235352C203235352C20323535293B206261636B67726F756E642D636F6C6F723A2072676228302C20302C2030293B223E46696C20676F6C64206F726520706172746E65727320696E207468652041736961205061636966696320636F6D6D756E69747920636F6D6D756E6974793C2F7370616E3E3C2F703E3C703E3C62723E3C2F703E3C703E3C7370616E207374796C653D22636F6C6F723A20726762283235352C203235352C20323535293B206261636B67726F756E642D636F6C6F723A2072676228302C20302C2030293B223E48656C6C6F2065766572796F6E652120496E206F7264657220746F206D61696E7461696E2074686520656E746875736961736D206F662046696C20676F6C64206F726520616E642074686520636F6E73656E73757320616E64207468652064656469636174696F6E206F6620636F6D6D756E697479206C6561646572732C20696E206F7264657220746F2067697665206261636B20746F20636F6D6D756E697479206C6561646572732077686F206861766520676F6E6520616C6C206F757420746F207468652066726F6E74206C696E652C2074686520646576656C6F70657273206F662046696C20676F6C64206F7265207370656369616C6C792073656C65637465642074656E20736D616C6C206E6F64657320746F20676976652074686520666F6C6C6F77696E6720636F6D6D756E697479206C6561646572732077686F206D65657420746865207374616E64617264732061776172642E203C2F7370616E3E3C2F703E3C703E3C62723E3C2F703E3C703E3C7370616E207374796C653D22636F6C6F723A20726762283235352C203235352C20323535293B206261636B67726F756E642D636F6C6F723A2072676228302C20302C2030293B223E5265776172642074696D653A3C2F7370616E3E3C2F703E3C703E3C7370616E207374796C653D22636F6C6F723A20726762283235352C203235352C20323535293B206261636B67726F756E642D636F6C6F723A2072676228302C20302C2030293B223E46726F6D204E6F76656D62657220312C203230323120746F20446563656D62657220312C20323032312E203C2F7370616E3E3C2F703E3C703E3C62723E3C2F703E3C703E3C7370616E207374796C653D22636F6C6F723A20726762283235352C203235352C20323535293B206261636B67726F756E642D636F6C6F723A2072676228302C20302C2030293B223E526577617264204F626A6563743A3C2F7370616E3E3C2F703E3C703E3C7370616E207374796C653D22636F6C6F723A20726762283235352C203235352C20323535293B206261636B67726F756E642D636F6C6F723A2072676228302C20302C2030293B223E4469726563746C792070726F6D6F746520333020706172746E6572206D656D6265727320666F72206C6561646572732077686F20676F20616C6C2D6F757420746F20746865206D61726B65742C20616E6420696E63756261746520616E642063756C746976617465203520636F726520636F6D6D756E697479206C65616465727320616D6F6E6720333020706172746E6572206D656D626572732C20287375622D636F6D6D756E697479206C656164657273206E65656420746F206469726563746C792070726F6D6F746520313020706172746E6572206D656D626572732920746F2072657761726420736D616C6C206E6F646573204F6E652E203C2F7370616E3E3C2F703E3C703E3C62723E3C2F703E3C703E3C7370616E207374796C653D22636F6C6F723A20726762283235352C203235352C20323535293B206261636B67726F756E642D636F6C6F723A2072676228302C20302C2030293B223E506572666F726D616E636520636F6D706C69616E636520666565646261636B2070726F6772616D3A3C2F7370616E3E3C2F703E3C703E3C7370616E207374796C653D22636F6C6F723A20726762283235352C203235352C20323535293B206261636B67726F756E642D636F6C6F723A2072676228302C20302C2030293B223E5375626D6974207468652073637265656E73686F747320746F207468656972206F776E20636F6D6D756E697479206C65616465727320287375626D6974746564206279206C617965727329207769746820646972656374207075736820696E7075742E20446576656C6F706572732077696C6C20636865636B20746865206170706C69636174696F6E20666F7220636F72726563746E65737320616E64206769766520612072657761726420666F722063617368696E67206F7574206F6E6520736D616C6C206E6F64652E203C2F7370616E3E3C2F703E3C703E3C62723E3C2F703E3C703E3C7370616E207374796C653D22636F6C6F723A20726762283235352C203235352C20323535293B206261636B67726F756E642D636F6C6F723A2072676228302C20302C2030293B223E4578706C616E6174696F6E3A20536D616C6C206E6F64657320656E6A6F792046696C20676F6C64206F7265607320656E74697265206E6574776F726B206469766964656E642C20616E6420616C6C20696E766573746D656E7420616E64207265696E766573746D656E742077696C6C207265636569766520636F72726573706F6E64696E67206469766964656E647321203C2F7370616E3E3C2F703E3C703E3C62723E3C2F703E3C703E3C7370616E207374796C653D22636F6C6F723A20726762283235352C203235352C20323535293B206261636B67726F756E642D636F6C6F723A2072676228302C20302C2030293B223EEFBBBF5468652064657461696C73206F6620736D616C6C206E6F6465732063616E206265207365656E20696E207468652064657461696C73206F66207468652044415050206E6F646520636F6C756D6E2E3C2F7370616E3E3C2F703E, '0', 'admin', '2021-04-28 23:58:46', '', NULL, NULL);

-- ----------------------------
-- Table structure for sys_oper_log
-- ----------------------------
DROP TABLE IF EXISTS `sys_oper_log`;
CREATE TABLE `sys_oper_log`  (
  `oper_id` bigint(20) NOT NULL AUTO_INCREMENT COMMENT '日志主键',
  `title` varchar(50) CHARACTER SET utf8mb4 COLLATE utf8mb4_general_ci NULL DEFAULT '' COMMENT '模块标题',
  `business_type` int(2) NULL DEFAULT 0 COMMENT '业务类型（0其它 1新增 2修改 3删除）',
  `method` varchar(100) CHARACTER SET utf8mb4 COLLATE utf8mb4_general_ci NULL DEFAULT '' COMMENT '方法名称',
  `request_method` varchar(10) CHARACTER SET utf8mb4 COLLATE utf8mb4_general_ci NULL DEFAULT '' COMMENT '请求方式',
  `operator_type` int(1) NULL DEFAULT 0 COMMENT '操作类别（0其它 1后台用户 2手机端用户）',
  `oper_name` varchar(50) CHARACTER SET utf8mb4 COLLATE utf8mb4_general_ci NULL DEFAULT '' COMMENT '操作人员',
  `dept_name` varchar(50) CHARACTER SET utf8mb4 COLLATE utf8mb4_general_ci NULL DEFAULT '' COMMENT '部门名称',
  `oper_url` varchar(255) CHARACTER SET utf8mb4 COLLATE utf8mb4_general_ci NULL DEFAULT '' COMMENT '请求URL',
  `oper_ip` varchar(128) CHARACTER SET utf8mb4 COLLATE utf8mb4_general_ci NULL DEFAULT '' COMMENT '主机地址',
  `oper_location` varchar(255) CHARACTER SET utf8mb4 COLLATE utf8mb4_general_ci NULL DEFAULT '' COMMENT '操作地点',
  `oper_param` varchar(2000) CHARACTER SET utf8mb4 COLLATE utf8mb4_general_ci NULL DEFAULT '' COMMENT '请求参数',
  `json_result` varchar(2000) CHARACTER SET utf8mb4 COLLATE utf8mb4_general_ci NULL DEFAULT '' COMMENT '返回参数',
  `status` int(1) NULL DEFAULT 0 COMMENT '操作状态（0正常 1异常）',
  `error_msg` varchar(2000) CHARACTER SET utf8mb4 COLLATE utf8mb4_general_ci NULL DEFAULT '' COMMENT '错误消息',
  `oper_time` datetime NULL DEFAULT NULL COMMENT '操作时间',
  PRIMARY KEY (`oper_id`) USING BTREE
) ENGINE = InnoDB AUTO_INCREMENT = 1 CHARACTER SET = utf8mb4 COLLATE = utf8mb4_general_ci COMMENT = '操作日志记录' ROW_FORMAT = Dynamic;

-- ----------------------------
-- Records of sys_oper_log
-- ----------------------------

-- ----------------------------
-- Table structure for sys_post
-- ----------------------------
DROP TABLE IF EXISTS `sys_post`;
CREATE TABLE `sys_post`  (
  `post_id` bigint(20) NOT NULL AUTO_INCREMENT COMMENT '岗位ID',
  `post_code` varchar(64) CHARACTER SET utf8mb4 COLLATE utf8mb4_general_ci NOT NULL COMMENT '岗位编码',
  `post_name` varchar(50) CHARACTER SET utf8mb4 COLLATE utf8mb4_general_ci NOT NULL COMMENT '岗位名称',
  `post_sort` int(4) NOT NULL COMMENT '显示顺序',
  `status` char(1) CHARACTER SET utf8mb4 COLLATE utf8mb4_general_ci NOT NULL COMMENT '状态（0正常 1停用）',
  `create_by` varchar(64) CHARACTER SET utf8mb4 COLLATE utf8mb4_general_ci NULL DEFAULT '' COMMENT '创建者',
  `create_time` datetime NULL DEFAULT NULL COMMENT '创建时间',
  `update_by` varchar(64) CHARACTER SET utf8mb4 COLLATE utf8mb4_general_ci NULL DEFAULT '' COMMENT '更新者',
  `update_time` datetime NULL DEFAULT NULL COMMENT '更新时间',
  `remark` varchar(500) CHARACTER SET utf8mb4 COLLATE utf8mb4_general_ci NULL DEFAULT NULL COMMENT '备注',
  PRIMARY KEY (`post_id`) USING BTREE
) ENGINE = InnoDB AUTO_INCREMENT = 1 CHARACTER SET = utf8mb4 COLLATE = utf8mb4_general_ci COMMENT = '岗位信息表' ROW_FORMAT = Dynamic;

-- ----------------------------
-- Records of sys_post
-- ----------------------------

-- ----------------------------
-- Table structure for sys_role
-- ----------------------------
DROP TABLE IF EXISTS `sys_role`;
CREATE TABLE `sys_role`  (
  `role_id` bigint(20) NOT NULL AUTO_INCREMENT COMMENT '角色ID',
  `role_name` varchar(30) CHARACTER SET utf8mb4 COLLATE utf8mb4_general_ci NOT NULL COMMENT '角色名称',
  `role_key` varchar(100) CHARACTER SET utf8mb4 COLLATE utf8mb4_general_ci NOT NULL COMMENT '角色权限字符串',
  `role_sort` int(4) NOT NULL COMMENT '显示顺序',
  `data_scope` char(1) CHARACTER SET utf8mb4 COLLATE utf8mb4_general_ci NULL DEFAULT '1' COMMENT '数据范围（1：全部数据权限 2：自定数据权限 3：本部门数据权限 4：本部门及以下数据权限）',
  `menu_check_strictly` tinyint(1) NULL DEFAULT 1 COMMENT '菜单树选择项是否关联显示',
  `dept_check_strictly` tinyint(1) NULL DEFAULT 1 COMMENT '部门树选择项是否关联显示',
  `status` char(1) CHARACTER SET utf8mb4 COLLATE utf8mb4_general_ci NOT NULL COMMENT '角色状态（0正常 1停用）',
  `del_flag` char(1) CHARACTER SET utf8mb4 COLLATE utf8mb4_general_ci NULL DEFAULT '0' COMMENT '删除标志（0代表存在 2代表删除）',
  `create_by` varchar(64) CHARACTER SET utf8mb4 COLLATE utf8mb4_general_ci NULL DEFAULT '' COMMENT '创建者',
  `create_time` datetime NULL DEFAULT NULL COMMENT '创建时间',
  `update_by` varchar(64) CHARACTER SET utf8mb4 COLLATE utf8mb4_general_ci NULL DEFAULT '' COMMENT '更新者',
  `update_time` datetime NULL DEFAULT NULL COMMENT '更新时间',
  `remark` varchar(500) CHARACTER SET utf8mb4 COLLATE utf8mb4_general_ci NULL DEFAULT NULL COMMENT '备注',
  PRIMARY KEY (`role_id`) USING BTREE
) ENGINE = InnoDB AUTO_INCREMENT = 3 CHARACTER SET = utf8mb4 COLLATE = utf8mb4_general_ci COMMENT = '角色信息表' ROW_FORMAT = Dynamic;

-- ----------------------------
-- Records of sys_role
-- ----------------------------
INSERT INTO `sys_role` VALUES (1, '超级管理员', 'admin', 1, '1', 1, 1, '0', '0', 'admin', '2021-04-28 23:58:46', '', NULL, '超级管理员');
INSERT INTO `sys_role` VALUES (2, '管理员', 'common', 2, '1', 1, 1, '0', '0', 'admin', '2021-04-28 23:58:46', '', NULL, '管理员角色');

-- ----------------------------
-- Table structure for sys_role_dept
-- ----------------------------
DROP TABLE IF EXISTS `sys_role_dept`;
CREATE TABLE `sys_role_dept`  (
  `role_id` bigint(20) NOT NULL COMMENT '角色ID',
  `dept_id` bigint(20) NOT NULL COMMENT '部门ID',
  PRIMARY KEY (`role_id`, `dept_id`) USING BTREE
) ENGINE = InnoDB CHARACTER SET = utf8mb4 COLLATE = utf8mb4_general_ci COMMENT = '角色和部门关联表' ROW_FORMAT = Dynamic;

-- ----------------------------
-- Records of sys_role_dept
-- ----------------------------

-- ----------------------------
-- Table structure for sys_role_menu
-- ----------------------------
DROP TABLE IF EXISTS `sys_role_menu`;
CREATE TABLE `sys_role_menu`  (
  `role_id` bigint(20) NOT NULL COMMENT '角色ID',
  `menu_id` bigint(20) NOT NULL COMMENT '菜单ID',
  PRIMARY KEY (`role_id`, `menu_id`) USING BTREE
) ENGINE = InnoDB CHARACTER SET = utf8mb4 COLLATE = utf8mb4_general_ci COMMENT = '角色和菜单关联表' ROW_FORMAT = Dynamic;

-- ----------------------------
-- Records of sys_role_menu
-- ----------------------------
INSERT INTO `sys_role_menu` VALUES (2, 107);
INSERT INTO `sys_role_menu` VALUES (2, 1036);
INSERT INTO `sys_role_menu` VALUES (2, 1037);
INSERT INTO `sys_role_menu` VALUES (2, 1038);
INSERT INTO `sys_role_menu` VALUES (2, 1039);
INSERT INTO `sys_role_menu` VALUES (2, 1061);
INSERT INTO `sys_role_menu` VALUES (2, 1062);
INSERT INTO `sys_role_menu` VALUES (2, 1063);
INSERT INTO `sys_role_menu` VALUES (2, 1064);
INSERT INTO `sys_role_menu` VALUES (2, 1065);
INSERT INTO `sys_role_menu` VALUES (2, 1066);
INSERT INTO `sys_role_menu` VALUES (2, 1067);
INSERT INTO `sys_role_menu` VALUES (2, 1068);
INSERT INTO `sys_role_menu` VALUES (2, 1069);
INSERT INTO `sys_role_menu` VALUES (2, 1070);
INSERT INTO `sys_role_menu` VALUES (2, 1071);
INSERT INTO `sys_role_menu` VALUES (2, 1074);
INSERT INTO `sys_role_menu` VALUES (2, 1075);
INSERT INTO `sys_role_menu` VALUES (2, 1076);
INSERT INTO `sys_role_menu` VALUES (2, 1077);
INSERT INTO `sys_role_menu` VALUES (2, 1078);
INSERT INTO `sys_role_menu` VALUES (2, 1079);
INSERT INTO `sys_role_menu` VALUES (2, 1080);
INSERT INTO `sys_role_menu` VALUES (2, 1081);
INSERT INTO `sys_role_menu` VALUES (2, 1082);
INSERT INTO `sys_role_menu` VALUES (2, 1083);
INSERT INTO `sys_role_menu` VALUES (2, 1084);
INSERT INTO `sys_role_menu` VALUES (2, 1085);
INSERT INTO `sys_role_menu` VALUES (2, 1086);
INSERT INTO `sys_role_menu` VALUES (2, 1087);
INSERT INTO `sys_role_menu` VALUES (2, 1088);
INSERT INTO `sys_role_menu` VALUES (2, 1091);
INSERT INTO `sys_role_menu` VALUES (2, 1092);
INSERT INTO `sys_role_menu` VALUES (2, 1093);
INSERT INTO `sys_role_menu` VALUES (2, 1094);

-- ----------------------------
-- Table structure for sys_user
-- ----------------------------
DROP TABLE IF EXISTS `sys_user`;
CREATE TABLE `sys_user`  (
  `user_id` bigint(20) NOT NULL AUTO_INCREMENT COMMENT '用户ID',
  `dept_id` bigint(20) NULL DEFAULT NULL COMMENT '部门ID',
  `user_name` varchar(30) CHARACTER SET utf8mb4 COLLATE utf8mb4_general_ci NOT NULL COMMENT '用户账号',
  `nick_name` varchar(30) CHARACTER SET utf8mb4 COLLATE utf8mb4_general_ci NOT NULL COMMENT '用户昵称',
  `user_type` varchar(2) CHARACTER SET utf8mb4 COLLATE utf8mb4_general_ci NULL DEFAULT '00' COMMENT '用户类型（00系统用户）',
  `email` varchar(50) CHARACTER SET utf8mb4 COLLATE utf8mb4_general_ci NULL DEFAULT '' COMMENT '用户邮箱',
  `phonenumber` varchar(11) CHARACTER SET utf8mb4 COLLATE utf8mb4_general_ci NULL DEFAULT '' COMMENT '手机号码',
  `sex` char(1) CHARACTER SET utf8mb4 COLLATE utf8mb4_general_ci NULL DEFAULT '0' COMMENT '用户性别（0男 1女 2未知）',
  `avatar` varchar(100) CHARACTER SET utf8mb4 COLLATE utf8mb4_general_ci NULL DEFAULT '' COMMENT '头像地址',
  `password` varchar(100) CHARACTER SET utf8mb4 COLLATE utf8mb4_general_ci NULL DEFAULT '' COMMENT '密码',
  `status` char(1) CHARACTER SET utf8mb4 COLLATE utf8mb4_general_ci NULL DEFAULT '0' COMMENT '帐号状态（0正常 1停用）',
  `del_flag` char(1) CHARACTER SET utf8mb4 COLLATE utf8mb4_general_ci NULL DEFAULT '0' COMMENT '删除标志（0代表存在 2代表删除）',
  `login_ip` varchar(128) CHARACTER SET utf8mb4 COLLATE utf8mb4_general_ci NULL DEFAULT '' COMMENT '最后登录IP',
  `login_date` datetime NULL DEFAULT NULL COMMENT '最后登录时间',
  `create_by` varchar(64) CHARACTER SET utf8mb4 COLLATE utf8mb4_general_ci NULL DEFAULT '' COMMENT '创建者',
  `create_time` datetime NULL DEFAULT NULL COMMENT '创建时间',
  `update_by` varchar(64) CHARACTER SET utf8mb4 COLLATE utf8mb4_general_ci NULL DEFAULT '' COMMENT '更新者',
  `update_time` datetime NULL DEFAULT NULL COMMENT '更新时间',
  `remark` varchar(500) CHARACTER SET utf8mb4 COLLATE utf8mb4_general_ci NULL DEFAULT NULL COMMENT '备注',
  `customer_service_weight` int(20) NULL DEFAULT NULL COMMENT '客服用户 权重字段',
  PRIMARY KEY (`user_id`) USING BTREE
) ENGINE = InnoDB AUTO_INCREMENT = 4 CHARACTER SET = utf8mb4 COLLATE = utf8mb4_general_ci COMMENT = '用户信息表' ROW_FORMAT = Dynamic;

-- ----------------------------
-- Records of sys_user
-- ----------------------------
INSERT INTO `sys_user` VALUES (1, 100, 'admin', '系统管理员', '00', '', '', '0', '', '$2a$10$7JB720yubVSZvUI0rEqK/.VqGOZTH.ulu33dHOiBE8ByOhJIrdAu2', '0', '0', '127.0.0.1', '2021-04-28 23:58:46', 'admin', '2021-04-28 23:58:46', '', '2021-04-29 00:14:28', '管理员', NULL);

-- ----------------------------
-- Table structure for sys_user_post
-- ----------------------------
DROP TABLE IF EXISTS `sys_user_post`;
CREATE TABLE `sys_user_post`  (
  `user_id` bigint(20) NOT NULL COMMENT '用户ID',
  `post_id` bigint(20) NOT NULL COMMENT '岗位ID',
  PRIMARY KEY (`user_id`, `post_id`) USING BTREE
) ENGINE = InnoDB CHARACTER SET = utf8mb4 COLLATE = utf8mb4_general_ci COMMENT = '用户与岗位关联表' ROW_FORMAT = Dynamic;

-- ----------------------------
-- Records of sys_user_post
-- ----------------------------
INSERT INTO `sys_user_post` VALUES (1, 1);

-- ----------------------------
-- Table structure for sys_user_role
-- ----------------------------
DROP TABLE IF EXISTS `sys_user_role`;
CREATE TABLE `sys_user_role`  (
  `user_id` bigint(20) NOT NULL COMMENT '用户ID',
  `role_id` bigint(20) NOT NULL COMMENT '角色ID',
  PRIMARY KEY (`user_id`, `role_id`) USING BTREE
) ENGINE = InnoDB CHARACTER SET = utf8mb4 COLLATE = utf8mb4_general_ci COMMENT = '用户和角色关联表' ROW_FORMAT = Dynamic;

-- ----------------------------
-- Records of sys_user_role
-- ----------------------------
INSERT INTO `sys_user_role` VALUES (1, 1);

SET FOREIGN_KEY_CHECKS = 1;
